EventBaseCode,EventRootCode,mapping_level,is_direct_trade,domain,weight
010,1,root_fallback,False,diplomacy,0.6
010,1,root_fallback,False,economy,0.0
010,1,root_fallback,False,law,0.0
010,1,root_fallback,False,politics,0.4
010,1,root_fallback,False,security,0.0
010,1,root_fallback,False,society_humanitarian,0.0
011,1,root_fallback,False,diplomacy,0.6
011,1,root_fallback,False,economy,0.0
011,1,root_fallback,False,law,0.0
011,1,root_fallback,False,politics,0.4
011,1,root_fallback,False,security,0.0
011,1,root_fallback,False,society_humanitarian,0.0
012,1,root_fallback,False,diplomacy,0.6
012,1,root_fallback,False,economy,0.0
012,1,root_fallback,False,law,0.0
012,1,root_fallback,False,politics,0.4
012,1,root_fallback,False,security,0.0
012,1,root_fallback,False,society_humanitarian,0.0
013,1,root_fallback,False,diplomacy,0.6
013,1,root_fallback,False,economy,0.0
013,1,root_fallback,False,law,0.0
013,1,root_fallback,False,politics,0.4
013,1,root_fallback,False,security,0.0
013,1,root_fallback,False,society_humanitarian,0.0
014,1,root_fallback,False,diplomacy,0.6
014,1,root_fallback,False,economy,0.0
014,1,root_fallback,False,law,0.0
014,1,root_fallback,False,politics,0.4
014,1,root_fallback,False,security,0.0
014,1,root_fallback,False,society_humanitarian,0.0
015,1,root_fallback,False,diplomacy,0.6
015,1,root_fallback,False,economy,0.0
015,1,root_fallback,False,law,0.0
015,1,root_fallback,False,politics,0.4
015,1,root_fallback,False,security,0.0
015,1,root_fallback,False,society_humanitarian,0.0
016,1,root_fallback,False,diplomacy,0.6
016,1,root_fallback,False,economy,0.0
016,1,root_fallback,False,law,0.0
016,1,root_fallback,False,politics,0.4
016,1,root_fallback,False,security,0.0
016,1,root_fallback,False,society_humanitarian,0.0
017,1,root_fallback,False,diplomacy,0.6
017,1,root_fallback,False,economy,0.0
017,1,root_fallback,False,law,0.0
017,1,root_fallback,False,politics,0.4
017,1,root_fallback,False,security,0.0
017,1,root_fallback,False,society_humanitarian,0.0
018,1,root_fallback,False,diplomacy,0.6
018,1,root_fallback,False,economy,0.0
018,1,root_fallback,False,law,0.0
018,1,root_fallback,False,politics,0.4
018,1,root_fallback,False,security,0.0
018,1,root_fallback,False,society_humanitarian,0.0
019,1,root_fallback,False,diplomacy,0.6
019,1,root_fallback,False,economy,0.0
019,1,root_fallback,False,law,0.0
019,1,root_fallback,False,politics,0.4
019,1,root_fallback,False,security,0.0
019,1,root_fallback,False,society_humanitarian,0.0
020,2,root_fallback,False,diplomacy,0.5
020,2,root_fallback,False,economy,0.0
020,2,root_fallback,False,law,0.0
020,2,root_fallback,False,politics,0.2
020,2,root_fallback,False,security,0.0
020,2,root_fallback,False,society_humanitarian,0.3
021,2,base_override,True,diplomacy,0.25
021,2,base_override,True,economy,0.65
021,2,base_override,True,law,0.0
021,2,base_override,True,politics,0.1
021,2,base_override,True,security,0.0
021,2,base_override,True,society_humanitarian,0.0
022,2,root_fallback,False,diplomacy,0.5
022,2,root_fallback,False,economy,0.0
022,2,root_fallback,False,law,0.0
022,2,root_fallback,False,politics,0.2
022,2,root_fallback,False,security,0.0
022,2,root_fallback,False,society_humanitarian,0.3
023,2,base_override,False,diplomacy,0.2
023,2,base_override,False,economy,0.1
023,2,base_override,False,law,0.0
023,2,base_override,False,politics,0.0
023,2,base_override,False,security,0.0
023,2,base_override,False,society_humanitarian,0.7
024,2,base_override,False,diplomacy,0.2
024,2,base_override,False,economy,0.0
024,2,base_override,False,law,0.2
024,2,base_override,False,politics,0.6
024,2,base_override,False,security,0.0
024,2,base_override,False,society_humanitarian,0.0
025,2,base_override,False,diplomacy,0.25
025,2,base_override,False,economy,0.0
025,2,base_override,False,law,0.15
025,2,base_override,False,politics,0.6
025,2,base_override,False,security,0.0
025,2,base_override,False,society_humanitarian,0.0
026,2,base_override,False,diplomacy,0.15
026,2,base_override,False,economy,0.0
026,2,base_override,False,law,0.45
026,2,base_override,False,politics,0.15
026,2,base_override,False,security,0.0
026,2,base_override,False,society_humanitarian,0.25
027,2,base_override,False,diplomacy,0.35
027,2,base_override,False,economy,0.0
027,2,base_override,False,law,0.0
027,2,base_override,False,politics,0.1
027,2,base_override,False,security,0.55
027,2,base_override,False,society_humanitarian,0.0
028,2,base_override,False,diplomacy,0.75
028,2,base_override,False,economy,0.0
028,2,base_override,False,law,0.0
028,2,base_override,False,politics,0.1
028,2,base_override,False,security,0.15
028,2,base_override,False,society_humanitarian,0.0
030,3,root_fallback,False,diplomacy,0.8
030,3,root_fallback,False,economy,0.0
030,3,root_fallback,False,law,0.0
030,3,root_fallback,False,politics,0.2
030,3,root_fallback,False,security,0.0
030,3,root_fallback,False,society_humanitarian,0.0
031,3,base_override,True,diplomacy,0.25
031,3,base_override,True,economy,0.65
031,3,base_override,True,law,0.0
031,3,base_override,True,politics,0.1
031,3,base_override,True,security,0.0
031,3,base_override,True,society_humanitarian,0.0
032,3,root_fallback,False,diplomacy,0.8
032,3,root_fallback,False,economy,0.0
032,3,root_fallback,False,law,0.0
032,3,root_fallback,False,politics,0.2
032,3,root_fallback,False,security,0.0
032,3,root_fallback,False,society_humanitarian,0.0
033,3,base_override,False,diplomacy,0.2
033,3,base_override,False,economy,0.15
033,3,base_override,False,law,0.0
033,3,base_override,False,politics,0.0
033,3,base_override,False,security,0.0
033,3,base_override,False,society_humanitarian,0.65
034,3,base_override,False,diplomacy,0.2
034,3,base_override,False,economy,0.0
034,3,base_override,False,law,0.2
034,3,base_override,False,politics,0.6
034,3,base_override,False,security,0.0
034,3,base_override,False,society_humanitarian,0.0
035,3,base_override,False,diplomacy,0.25
035,3,base_override,False,economy,0.0
035,3,base_override,False,law,0.15
035,3,base_override,False,politics,0.6
035,3,base_override,False,security,0.0
035,3,base_override,False,society_humanitarian,0.0
036,3,base_override,False,diplomacy,0.15
036,3,base_override,False,economy,0.0
036,3,base_override,False,law,0.45
036,3,base_override,False,politics,0.15
036,3,base_override,False,security,0.0
036,3,base_override,False,society_humanitarian,0.25
037,3,base_override,False,diplomacy,0.35
037,3,base_override,False,economy,0.0
037,3,base_override,False,law,0.0
037,3,base_override,False,politics,0.1
037,3,base_override,False,security,0.55
037,3,base_override,False,society_humanitarian,0.0
038,3,base_override,False,diplomacy,0.75
038,3,base_override,False,economy,0.0
038,3,base_override,False,law,0.0
038,3,base_override,False,politics,0.1
038,3,base_override,False,security,0.15
038,3,base_override,False,society_humanitarian,0.0
039,3,root_fallback,False,diplomacy,0.8
039,3,root_fallback,False,economy,0.0
039,3,root_fallback,False,law,0.0
039,3,root_fallback,False,politics,0.2
039,3,root_fallback,False,security,0.0
039,3,root_fallback,False,society_humanitarian,0.0
040,4,root_fallback,False,diplomacy,0.8
040,4,root_fallback,False,economy,0.0
040,4,root_fallback,False,law,0.0
040,4,root_fallback,False,politics,0.2
040,4,root_fallback,False,security,0.0
040,4,root_fallback,False,society_humanitarian,0.0
041,4,root_fallback,False,diplomacy,0.8
041,4,root_fallback,False,economy,0.0
041,4,root_fallback,False,law,0.0
041,4,root_fallback,False,politics,0.2
041,4,root_fallback,False,security,0.0
041,4,root_fallback,False,society_humanitarian,0.0
042,4,root_fallback,False,diplomacy,0.8
042,4,root_fallback,False,economy,0.0
042,4,root_fallback,False,law,0.0
042,4,root_fallback,False,politics,0.2
042,4,root_fallback,False,security,0.0
042,4,root_fallback,False,society_humanitarian,0.0
043,4,root_fallback,False,diplomacy,0.8
043,4,root_fallback,False,economy,0.0
043,4,root_fallback,False,law,0.0
043,4,root_fallback,False,politics,0.2
043,4,root_fallback,False,security,0.0
043,4,root_fallback,False,society_humanitarian,0.0
044,4,root_fallback,False,diplomacy,0.8
044,4,root_fallback,False,economy,0.0
044,4,root_fallback,False,law,0.0
044,4,root_fallback,False,politics,0.2
044,4,root_fallback,False,security,0.0
044,4,root_fallback,False,society_humanitarian,0.0
045,4,root_fallback,False,diplomacy,0.8
045,4,root_fallback,False,economy,0.0
045,4,root_fallback,False,law,0.0
045,4,root_fallback,False,politics,0.2
045,4,root_fallback,False,security,0.0
045,4,root_fallback,False,society_humanitarian,0.0
046,4,root_fallback,False,diplomacy,0.8
046,4,root_fallback,False,economy,0.0
046,4,root_fallback,False,law,0.0
046,4,root_fallback,False,politics,0.2
046,4,root_fallback,False,security,0.0
046,4,root_fallback,False,society_humanitarian,0.0
050,5,root_fallback,False,diplomacy,1.0
050,5,root_fallback,False,economy,0.0
050,5,root_fallback,False,law,0.0
050,5,root_fallback,False,politics,0.0
050,5,root_fallback,False,security,0.0
050,5,root_fallback,False,society_humanitarian,0.0
051,5,root_fallback,False,diplomacy,1.0
051,5,root_fallback,False,economy,0.0
051,5,root_fallback,False,law,0.0
051,5,root_fallback,False,politics,0.0
051,5,root_fallback,False,security,0.0
051,5,root_fallback,False,society_humanitarian,0.0
052,5,root_fallback,False,diplomacy,1.0
052,5,root_fallback,False,economy,0.0
052,5,root_fallback,False,law,0.0
052,5,root_fallback,False,politics,0.0
052,5,root_fallback,False,security,0.0
052,5,root_fallback,False,society_humanitarian,0.0
053,5,root_fallback,False,diplomacy,1.0
053,5,root_fallback,False,economy,0.0
053,5,root_fallback,False,law,0.0
053,5,root_fallback,False,politics,0.0
053,5,root_fallback,False,security,0.0
053,5,root_fallback,False,society_humanitarian,0.0
054,5,root_fallback,False,diplomacy,1.0
054,5,root_fallback,False,economy,0.0
054,5,root_fallback,False,law,0.0
054,5,root_fallback,False,politics,0.0
054,5,root_fallback,False,security,0.0
054,5,root_fallback,False,society_humanitarian,0.0
055,5,root_fallback,False,diplomacy,1.0
055,5,root_fallback,False,economy,0.0
055,5,root_fallback,False,law,0.0
055,5,root_fallback,False,politics,0.0
055,5,root_fallback,False,security,0.0
055,5,root_fallback,False,society_humanitarian,0.0
056,5,root_fallback,False,diplomacy,1.0
056,5,root_fallback,False,economy,0.0
056,5,root_fallback,False,law,0.0
056,5,root_fallback,False,politics,0.0
056,5,root_fallback,False,security,0.0
056,5,root_fallback,False,society_humanitarian,0.0
057,5,root_fallback,False,diplomacy,1.0
057,5,root_fallback,False,economy,0.0
057,5,root_fallback,False,law,0.0
057,5,root_fallback,False,politics,0.0
057,5,root_fallback,False,security,0.0
057,5,root_fallback,False,society_humanitarian,0.0
060,6,root_fallback,False,diplomacy,0.2
060,6,root_fallback,False,economy,0.6
060,6,root_fallback,False,law,0.0
060,6,root_fallback,False,politics,0.0
060,6,root_fallback,False,security,0.0
060,6,root_fallback,False,society_humanitarian,0.2
061,6,base_override,True,diplomacy,0.15
061,6,base_override,True,economy,0.8
061,6,base_override,True,law,0.0
061,6,base_override,True,politics,0.05
061,6,base_override,True,security,0.0
061,6,base_override,True,society_humanitarian,0.0
062,6,base_override,False,diplomacy,0.15
062,6,base_override,False,economy,0.0
062,6,base_override,False,law,0.0
062,6,base_override,False,politics,0.05
062,6,base_override,False,security,0.8
062,6,base_override,False,society_humanitarian,0.0
063,6,base_override,False,diplomacy,0.15
063,6,base_override,False,economy,0.0
063,6,base_override,False,law,0.75
063,6,base_override,False,politics,0.1
063,6,base_override,False,security,0.0
063,6,base_override,False,society_humanitarian,0.0
064,6,base_override,False,diplomacy,0.15
064,6,base_override,False,economy,0.0
064,6,base_override,False,law,0.0
064,6,base_override,False,politics,0.1
064,6,base_override,False,security,0.75
064,6,base_override,False,society_humanitarian,0.0
070,7,root_fallback,False,diplomacy,0.1
070,7,root_fallback,False,economy,0.2
070,7,root_fallback,False,law,0.0
070,7,root_fallback,False,politics,0.0
070,7,root_fallback,False,security,0.0
070,7,root_fallback,False,society_humanitarian,0.7
071,7,base_override,True,diplomacy,0.1
071,7,base_override,True,economy,0.75
071,7,base_override,True,law,0.0
071,7,base_override,True,politics,0.0
071,7,base_override,True,security,0.0
071,7,base_override,True,society_humanitarian,0.15
072,7,base_override,False,diplomacy,0.1
072,7,base_override,False,economy,0.1
072,7,base_override,False,law,0.0
072,7,base_override,False,politics,0.0
072,7,base_override,False,security,0.8
072,7,base_override,False,society_humanitarian,0.0
073,7,base_override,False,diplomacy,0.1
073,7,base_override,False,economy,0.1
073,7,base_override,False,law,0.0
073,7,base_override,False,politics,0.0
073,7,base_override,False,security,0.0
073,7,base_override,False,society_humanitarian,0.8
074,7,base_override,False,diplomacy,0.15
074,7,base_override,False,economy,0.0
074,7,base_override,False,law,0.25
074,7,base_override,False,politics,0.1
074,7,base_override,False,security,0.0
074,7,base_override,False,society_humanitarian,0.5
075,7,base_override,False,diplomacy,0.15
075,7,base_override,False,economy,0.0
075,7,base_override,False,law,0.0
075,7,base_override,False,politics,0.0
075,7,base_override,False,security,0.25
075,7,base_override,False,society_humanitarian,0.6
080,8,root_fallback,False,diplomacy,0.5
080,8,root_fallback,False,economy,0.0
080,8,root_fallback,False,law,0.0
080,8,root_fallback,False,politics,0.3
080,8,root_fallback,False,security,0.2
080,8,root_fallback,False,society_humanitarian,0.0
081,8,base_override,False,diplomacy,0.2
081,8,base_override,False,economy,0.0
081,8,base_override,False,law,0.2
081,8,base_override,False,politics,0.6
081,8,base_override,False,security,0.0
081,8,base_override,False,society_humanitarian,0.0
082,8,root_fallback,False,diplomacy,0.5
082,8,root_fallback,False,economy,0.0
082,8,root_fallback,False,law,0.0
082,8,root_fallback,False,politics,0.3
082,8,root_fallback,False,security,0.2
082,8,root_fallback,False,society_humanitarian,0.0
083,8,root_fallback,False,diplomacy,0.5
083,8,root_fallback,False,economy,0.0
083,8,root_fallback,False,law,0.0
083,8,root_fallback,False,politics,0.3
083,8,root_fallback,False,security,0.2
083,8,root_fallback,False,society_humanitarian,0.0
084,8,root_fallback,False,diplomacy,0.5
084,8,root_fallback,False,economy,0.0
084,8,root_fallback,False,law,0.0
084,8,root_fallback,False,politics,0.3
084,8,root_fallback,False,security,0.2
084,8,root_fallback,False,society_humanitarian,0.0
085,8,base_override,True,diplomacy,0.2
085,8,base_override,True,economy,0.7
085,8,base_override,True,law,0.0
085,8,base_override,True,politics,0.1
085,8,base_override,True,security,0.0
085,8,base_override,True,society_humanitarian,0.0
086,8,base_override,False,diplomacy,0.55
086,8,base_override,False,economy,0.0
086,8,base_override,False,law,0.15
086,8,base_override,False,politics,0.2
086,8,base_override,False,security,0.1
086,8,base_override,False,society_humanitarian,0.0
087,8,base_override,False,diplomacy,0.2
087,8,base_override,False,economy,0.0
087,8,base_override,False,law,0.0
087,8,base_override,False,politics,0.05
087,8,base_override,False,security,0.75
087,8,base_override,False,society_humanitarian,0.0
090,9,base_override,False,diplomacy,0.0
090,9,base_override,False,economy,0.0
090,9,base_override,False,law,0.7
090,9,base_override,False,politics,0.2
090,9,base_override,False,security,0.1
090,9,base_override,False,society_humanitarian,0.0
091,9,base_override,False,diplomacy,0.0
091,9,base_override,False,economy,0.0
091,9,base_override,False,law,0.75
091,9,base_override,False,politics,0.15
091,9,base_override,False,security,0.1
091,9,base_override,False,society_humanitarian,0.0
092,9,base_override,False,diplomacy,0.0
092,9,base_override,False,economy,0.0
092,9,base_override,False,law,0.55
092,9,base_override,False,politics,0.15
092,9,base_override,False,security,0.0
092,9,base_override,False,society_humanitarian,0.3
100,10,root_fallback,False,diplomacy,0.4
100,10,root_fallback,False,economy,0.2
100,10,root_fallback,False,law,0.0
100,10,root_fallback,False,politics,0.4
100,10,root_fallback,False,security,0.0
100,10,root_fallback,False,society_humanitarian,0.0
101,10,base_override,True,diplomacy,0.25
101,10,base_override,True,economy,0.6
101,10,base_override,True,law,0.0
101,10,base_override,True,politics,0.15
101,10,base_override,True,security,0.0
101,10,base_override,True,society_humanitarian,0.0
104,10,base_override,False,diplomacy,0.15
104,10,base_override,False,economy,0.0
104,10,base_override,False,law,0.2
104,10,base_override,False,politics,0.65
104,10,base_override,False,security,0.0
104,10,base_override,False,society_humanitarian,0.0
105,10,base_override,False,diplomacy,0.2
105,10,base_override,False,economy,0.0
105,10,base_override,False,law,0.15
105,10,base_override,False,politics,0.65
105,10,base_override,False,security,0.0
105,10,base_override,False,society_humanitarian,0.0
106,10,base_override,False,diplomacy,0.1
106,10,base_override,False,economy,0.0
106,10,base_override,False,law,0.45
106,10,base_override,False,politics,0.15
106,10,base_override,False,security,0.0
106,10,base_override,False,society_humanitarian,0.3
110,11,root_fallback,False,diplomacy,0.6
110,11,root_fallback,False,economy,0.0
110,11,root_fallback,False,law,0.0
110,11,root_fallback,False,politics,0.4
110,11,root_fallback,False,security,0.0
110,11,root_fallback,False,society_humanitarian,0.0
111,11,root_fallback,False,diplomacy,0.6
111,11,root_fallback,False,economy,0.0
111,11,root_fallback,False,law,0.0
111,11,root_fallback,False,politics,0.4
111,11,root_fallback,False,security,0.0
111,11,root_fallback,False,society_humanitarian,0.0
112,11,root_fallback,False,diplomacy,0.6
112,11,root_fallback,False,economy,0.0
112,11,root_fallback,False,law,0.0
112,11,root_fallback,False,politics,0.4
112,11,root_fallback,False,security,0.0
112,11,root_fallback,False,society_humanitarian,0.0
113,11,root_fallback,False,diplomacy,0.6
113,11,root_fallback,False,economy,0.0
113,11,root_fallback,False,law,0.0
113,11,root_fallback,False,politics,0.4
113,11,root_fallback,False,security,0.0
113,11,root_fallback,False,society_humanitarian,0.0
114,11,root_fallback,False,diplomacy,0.6
114,11,root_fallback,False,economy,0.0
114,11,root_fallback,False,law,0.0
114,11,root_fallback,False,politics,0.4
114,11,root_fallback,False,security,0.0
114,11,root_fallback,False,society_humanitarian,0.0
115,11,base_override,False,diplomacy,0.1
115,11,base_override,False,economy,0.0
115,11,base_override,False,law,0.7
115,11,base_override,False,politics,0.2
115,11,base_override,False,security,0.0
115,11,base_override,False,society_humanitarian,0.0
120,12,root_fallback,False,diplomacy,0.6
120,12,root_fallback,False,economy,0.0
120,12,root_fallback,False,law,0.0
120,12,root_fallback,False,politics,0.4
120,12,root_fallback,False,security,0.0
120,12,root_fallback,False,society_humanitarian,0.0
121,12,base_override,True,diplomacy,0.25
121,12,base_override,True,economy,0.6
121,12,base_override,True,law,0.0
121,12,base_override,True,politics,0.15
121,12,base_override,True,security,0.0
121,12,base_override,True,society_humanitarian,0.0
122,12,root_fallback,False,diplomacy,0.6
122,12,root_fallback,False,economy,0.0
122,12,root_fallback,False,law,0.0
122,12,root_fallback,False,politics,0.4
122,12,root_fallback,False,security,0.0
122,12,root_fallback,False,society_humanitarian,0.0
123,12,base_override,False,diplomacy,0.15
123,12,base_override,False,economy,0.15
123,12,base_override,False,law,0.0
123,12,base_override,False,politics,0.1
123,12,base_override,False,security,0.0
123,12,base_override,False,society_humanitarian,0.6
124,12,base_override,False,diplomacy,0.15
124,12,base_override,False,economy,0.0
124,12,base_override,False,law,0.2
124,12,base_override,False,politics,0.65
124,12,base_override,False,security,0.0
124,12,base_override,False,society_humanitarian,0.0
125,12,base_override,False,diplomacy,0.2
125,12,base_override,False,economy,0.0
125,12,base_override,False,law,0.15
125,12,base_override,False,politics,0.65
125,12,base_override,False,security,0.0
125,12,base_override,False,society_humanitarian,0.0
127,12,base_override,False,diplomacy,0.25
127,12,base_override,False,economy,0.0
127,12,base_override,False,law,0.0
127,12,base_override,False,politics,0.1
127,12,base_override,False,security,0.65
127,12,base_override,False,society_humanitarian,0.0
128,12,base_override,False,diplomacy,0.7
128,12,base_override,False,economy,0.0
128,12,base_override,False,law,0.0
128,12,base_override,False,politics,0.1
128,12,base_override,False,security,0.2
128,12,base_override,False,society_humanitarian,0.0
129,12,root_fallback,False,diplomacy,0.6
129,12,root_fallback,False,economy,0.0
129,12,root_fallback,False,law,0.0
129,12,root_fallback,False,politics,0.4
129,12,root_fallback,False,security,0.0
129,12,root_fallback,False,society_humanitarian,0.0
130,13,root_fallback,False,diplomacy,0.3
130,13,root_fallback,False,economy,0.0
130,13,root_fallback,False,law,0.0
130,13,root_fallback,False,politics,0.0
130,13,root_fallback,False,security,0.7
130,13,root_fallback,False,society_humanitarian,0.0
131,13,root_fallback,False,diplomacy,0.3
131,13,root_fallback,False,economy,0.0
131,13,root_fallback,False,law,0.0
131,13,root_fallback,False,politics,0.0
131,13,root_fallback,False,security,0.7
131,13,root_fallback,False,society_humanitarian,0.0
133,13,root_fallback,False,diplomacy,0.3
133,13,root_fallback,False,economy,0.0
133,13,root_fallback,False,law,0.0
133,13,root_fallback,False,politics,0.0
133,13,root_fallback,False,security,0.7
133,13,root_fallback,False,society_humanitarian,0.0
134,13,root_fallback,False,diplomacy,0.3
134,13,root_fallback,False,economy,0.0
134,13,root_fallback,False,law,0.0
134,13,root_fallback,False,politics,0.0
134,13,root_fallback,False,security,0.7
134,13,root_fallback,False,society_humanitarian,0.0
136,13,base_override,False,diplomacy,0.1
136,13,base_override,False,economy,0.0
136,13,base_override,False,law,0.0
136,13,base_override,False,politics,0.1
136,13,base_override,False,security,0.8
136,13,base_override,False,society_humanitarian,0.0
138,13,root_fallback,False,diplomacy,0.3
138,13,root_fallback,False,economy,0.0
138,13,root_fallback,False,law,0.0
138,13,root_fallback,False,politics,0.0
138,13,root_fallback,False,security,0.7
138,13,root_fallback,False,society_humanitarian,0.0
139,13,root_fallback,False,diplomacy,0.3
139,13,root_fallback,False,economy,0.0
139,13,root_fallback,False,law,0.0
139,13,root_fallback,False,politics,0.0
139,13,root_fallback,False,security,0.7
139,13,root_fallback,False,society_humanitarian,0.0
140,14,root_fallback,False,diplomacy,0.0
140,14,root_fallback,False,economy,0.0
140,14,root_fallback,False,law,0.0
140,14,root_fallback,False,politics,0.6
140,14,root_fallback,False,security,0.1
140,14,root_fallback,False,society_humanitarian,0.3
141,14,root_fallback,False,diplomacy,0.0
141,14,root_fallback,False,economy,0.0
141,14,root_fallback,False,law,0.0
141,14,root_fallback,False,politics,0.6
141,14,root_fallback,False,security,0.1
141,14,root_fallback,False,society_humanitarian,0.3
143,14,root_fallback,False,diplomacy,0.0
143,14,root_fallback,False,economy,0.0
143,14,root_fallback,False,law,0.0
143,14,root_fallback,False,politics,0.6
143,14,root_fallback,False,security,0.1
143,14,root_fallback,False,society_humanitarian,0.3
144,14,root_fallback,False,diplomacy,0.0
144,14,root_fallback,False,economy,0.0
144,14,root_fallback,False,law,0.0
144,14,root_fallback,False,politics,0.6
144,14,root_fallback,False,security,0.1
144,14,root_fallback,False,society_humanitarian,0.3
145,14,root_fallback,False,diplomacy,0.0
145,14,root_fallback,False,economy,0.0
145,14,root_fallback,False,law,0.0
145,14,root_fallback,False,politics,0.6
145,14,root_fallback,False,security,0.1
145,14,root_fallback,False,society_humanitarian,0.3
150,15,root_fallback,False,diplomacy,0.0
150,15,root_fallback,False,economy,0.0
150,15,root_fallback,False,law,0.0
150,15,root_fallback,False,politics,0.0
150,15,root_fallback,False,security,1.0
150,15,root_fallback,False,society_humanitarian,0.0
151,15,root_fallback,False,diplomacy,0.0
151,15,root_fallback,False,economy,0.0
151,15,root_fallback,False,law,0.0
151,15,root_fallback,False,politics,0.0
151,15,root_fallback,False,security,1.0
151,15,root_fallback,False,society_humanitarian,0.0
152,15,root_fallback,False,diplomacy,0.0
152,15,root_fallback,False,economy,0.0
152,15,root_fallback,False,law,0.0
152,15,root_fallback,False,politics,0.0
152,15,root_fallback,False,security,1.0
152,15,root_fallback,False,society_humanitarian,0.0
153,15,root_fallback,False,diplomacy,0.0
153,15,root_fallback,False,economy,0.0
153,15,root_fallback,False,law,0.0
153,15,root_fallback,False,politics,0.0
153,15,root_fallback,False,security,1.0
153,15,root_fallback,False,society_humanitarian,0.0
154,15,root_fallback,False,diplomacy,0.0
154,15,root_fallback,False,economy,0.0
154,15,root_fallback,False,law,0.0
154,15,root_fallback,False,politics,0.0
154,15,root_fallback,False,security,1.0
154,15,root_fallback,False,society_humanitarian,0.0
160,16,root_fallback,False,diplomacy,0.6
160,16,root_fallback,False,economy,0.25
160,16,root_fallback,False,law,0.0
160,16,root_fallback,False,politics,0.15
160,16,root_fallback,False,security,0.0
160,16,root_fallback,False,society_humanitarian,0.0
161,16,root_fallback,False,diplomacy,0.6
161,16,root_fallback,False,economy,0.25
161,16,root_fallback,False,law,0.0
161,16,root_fallback,False,politics,0.15
161,16,root_fallback,False,security,0.0
161,16,root_fallback,False,society_humanitarian,0.0
162,16,base_override,True,diplomacy,0.2
162,16,base_override,True,economy,0.6
162,16,base_override,True,law,0.0
162,16,base_override,True,politics,0.2
162,16,base_override,True,security,0.0
162,16,base_override,True,society_humanitarian,0.0
163,16,base_override,True,diplomacy,0.1
163,16,base_override,True,economy,0.75
163,16,base_override,True,law,0.0
163,16,base_override,True,politics,0.15
163,16,base_override,True,security,0.0
163,16,base_override,True,society_humanitarian,0.0
164,16,root_fallback,False,diplomacy,0.6
164,16,root_fallback,False,economy,0.25
164,16,root_fallback,False,law,0.0
164,16,root_fallback,False,politics,0.15
164,16,root_fallback,False,security,0.0
164,16,root_fallback,False,society_humanitarian,0.0
165,16,root_fallback,False,diplomacy,0.6
165,16,root_fallback,False,economy,0.25
165,16,root_fallback,False,law,0.0
165,16,root_fallback,False,politics,0.15
165,16,root_fallback,False,security,0.0
165,16,root_fallback,False,society_humanitarian,0.0
166,16,base_override,False,diplomacy,0.35
166,16,base_override,False,economy,0.0
166,16,base_override,False,law,0.15
166,16,base_override,False,politics,0.35
166,16,base_override,False,security,0.15
166,16,base_override,False,society_humanitarian,0.0
170,17,root_fallback,False,diplomacy,0.0
170,17,root_fallback,False,economy,0.2
170,17,root_fallback,False,law,0.25
170,17,root_fallback,False,politics,0.25
170,17,root_fallback,False,security,0.3
170,17,root_fallback,False,society_humanitarian,0.0
171,17,base_override,True,diplomacy,0.0
171,17,base_override,True,economy,0.3
171,17,base_override,True,law,0.25
171,17,base_override,True,politics,0.2
171,17,base_override,True,security,0.25
171,17,base_override,True,society_humanitarian,0.0
172,17,base_override,True,diplomacy,0.0
172,17,base_override,True,economy,0.2
172,17,base_override,True,law,0.25
172,17,base_override,True,politics,0.3
172,17,base_override,True,security,0.25
172,17,base_override,True,society_humanitarian,0.0
173,17,base_override,False,diplomacy,0.0
173,17,base_override,False,economy,0.0
173,17,base_override,False,law,0.35
173,17,base_override,False,politics,0.2
173,17,base_override,False,security,0.3
173,17,base_override,False,society_humanitarian,0.15
174,17,base_override,False,diplomacy,0.15
174,17,base_override,False,economy,0.0
174,17,base_override,False,law,0.25
174,17,base_override,False,politics,0.2
174,17,base_override,False,security,0.0
174,17,base_override,False,society_humanitarian,0.4
175,17,base_override,False,diplomacy,0.0
175,17,base_override,False,economy,0.0
175,17,base_override,False,law,0.2
175,17,base_override,False,politics,0.25
175,17,base_override,False,security,0.25
175,17,base_override,False,society_humanitarian,0.3
180,18,root_fallback,False,diplomacy,0.0
180,18,root_fallback,False,economy,0.0
180,18,root_fallback,False,law,0.0
180,18,root_fallback,False,politics,0.0
180,18,root_fallback,False,security,0.8
180,18,root_fallback,False,society_humanitarian,0.2
181,18,root_fallback,False,diplomacy,0.0
181,18,root_fallback,False,economy,0.0
181,18,root_fallback,False,law,0.0
181,18,root_fallback,False,politics,0.0
181,18,root_fallback,False,security,0.8
181,18,root_fallback,False,society_humanitarian,0.2
182,18,root_fallback,False,diplomacy,0.0
182,18,root_fallback,False,economy,0.0
182,18,root_fallback,False,law,0.0
182,18,root_fallback,False,politics,0.0
182,18,root_fallback,False,security,0.8
182,18,root_fallback,False,society_humanitarian,0.2
183,18,root_fallback,False,diplomacy,0.0
183,18,root_fallback,False,economy,0.0
183,18,root_fallback,False,law,0.0
183,18,root_fallback,False,politics,0.0
183,18,root_fallback,False,security,0.8
183,18,root_fallback,False,society_humanitarian,0.2
185,18,root_fallback,False,diplomacy,0.0
185,18,root_fallback,False,economy,0.0
185,18,root_fallback,False,law,0.0
185,18,root_fallback,False,politics,0.0
185,18,root_fallback,False,security,0.8
185,18,root_fallback,False,society_humanitarian,0.2
186,18,root_fallback,False,diplomacy,0.0
186,18,root_fallback,False,economy,0.0
186,18,root_fallback,False,law,0.0
186,18,root_fallback,False,politics,0.0
186,18,root_fallback,False,security,0.8
186,18,root_fallback,False,society_humanitarian,0.2
190,19,root_fallback,False,diplomacy,0.0
190,19,root_fallback,False,economy,0.0
190,19,root_fallback,False,law,0.0
190,19,root_fallback,False,politics,0.0
190,19,root_fallback,False,security,0.9
190,19,root_fallback,False,society_humanitarian,0.1
191,19,root_fallback,False,diplomacy,0.0
191,19,root_fallback,False,economy,0.0
191,19,root_fallback,False,law,0.0
191,19,root_fallback,False,politics,0.0
191,19,root_fallback,False,security,0.9
191,19,root_fallback,False,society_humanitarian,0.1
192,19,root_fallback,False,diplomacy,0.0
192,19,root_fallback,False,economy,0.0
192,19,root_fallback,False,law,0.0
192,19,root_fallback,False,politics,0.0
192,19,root_fallback,False,security,0.9
192,19,root_fallback,False,society_humanitarian,0.1
193,19,root_fallback,False,diplomacy,0.0
193,19,root_fallback,False,economy,0.0
193,19,root_fallback,False,law,0.0
193,19,root_fallback,False,politics,0.0
193,19,root_fallback,False,security,0.9
193,19,root_fallback,False,society_humanitarian,0.1
194,19,root_fallback,False,diplomacy,0.0
194,19,root_fallback,False,economy,0.0
194,19,root_fallback,False,law,0.0
194,19,root_fallback,False,politics,0.0
194,19,root_fallback,False,security,0.9
194,19,root_fallback,False,society_humanitarian,0.1
195,19,root_fallback,False,diplomacy,0.0
195,19,root_fallback,False,economy,0.0
195,19,root_fallback,False,law,0.0
195,19,root_fallback,False,politics,0.0
195,19,root_fallback,False,security,0.9
195,19,root_fallback,False,society_humanitarian,0.1
196,19,root_fallback,False,diplomacy,0.0
196,19,root_fallback,False,economy,0.0
196,19,root_fallback,False,law,0.0
196,19,root_fallback,False,politics,0.0
196,19,root_fallback,False,security,0.9
196,19,root_fallback,False,society_humanitarian,0.1
201,20,root_fallback,False,diplomacy,0.0
201,20,root_fallback,False,economy,0.0
201,20,root_fallback,False,law,0.0
201,20,root_fallback,False,politics,0.0
201,20,root_fallback,False,security,0.7
201,20,root_fallback,False,society_humanitarian,0.3
202,20,root_fallback,False,diplomacy,0.0
202,20,root_fallback,False,economy,0.0
202,20,root_fallback,False,law,0.0
202,20,root_fallback,False,politics,0.0
202,20,root_fallback,False,security,0.7
202,20,root_fallback,False,society_humanitarian,0.3
