month,CN_diplomacy_shock,CN_economy_shock,CN_law_shock,CN_politics_shock,CN_security_shock,CN_society_humanitarian_shock,US_diplomacy_shock,US_economy_shock,US_law_shock,US_politics_shock,US_security_shock,US_society_humanitarian_shock
201701,1.5242296323313225,2.2318228070315773,-0.9712451594138222,-0.0759805333616266,-0.7203136741130975,0.8283253616559432,1.6341938410432513,2.5003801220845108,-1.1535764993040771,-0.16665318428228462,-1.0318864511301427,1.2877703771036257
201702,1.4509386240234003,2.256726276561465,-0.3492420535560376,0.3069514445197204,-0.8755725316271782,1.2043625836261662,1.6288744318546513,2.4642821351806754,-0.7299668038527896,-0.018981457627481737,-0.7906081904414799,1.227307435289929
201703,1.4178317881986566,2.1597047493350425,-0.7066942311415333,0.12400277935955825,0.001434443948318957,1.0910782597496582,1.3488935348906146,2.215937073582432,-0.6344975857149884,0.11590486124351633,-0.844176446784951,0.8986795773809753
201704,1.7643445363527643,2.5754132662739044,-0.6762953604040977,0.6913855425286732,0.5197688579548677,1.0433184592805065,1.6496900224302227,2.1460304602756097,-0.7326643949222174,0.12537327616883603,-0.7512190649399554,0.8717359774206338
201705,1.9727740220021832,2.3727235843979857,-0.5709907984816005,0.48367988662736217,-0.13979672885103106,1.1258964664467725,1.7128780383746016,2.4001725106541776,-0.3101094068878438,0.23295913843354912,-0.8016495721698427,1.2340985033313314
201706,1.1170971908209242,1.980166045287556,-0.8598002602994216,-0.11903502532784074,-0.9281108188294804,1.0381012858936898,1.4472791902660098,1.780014280682621,-1.0390910947526604,-0.3306911877317061,-0.951143148147507,0.7006989738487728
201707,1.0863465019725622,0.9124105392165893,-0.6959976340851007,-0.5608811911861451,-1.0799659574968097,1.1183691829847406,1.4663485404430452,1.9739235976552048,-0.643382350423629,-0.19129829284129674,-0.8904960757497385,0.7173476133561327
201708,1.376506106856942,1.0378821588074414,-0.6420923550719384,-0.3046303069958463,-0.2373629614653855,1.27815279200398,1.3723935285380664,1.662049574827917,-0.9666488452532648,-0.4639793654701864,-0.8142395790250653,0.8727500416571973
201709,1.0300546710495389,1.4271181807288442,-1.006619247637291,-0.7539859795793604,-1.1368255421154616,1.3838708610836827,1.5187769846904797,2.259509962005883,-0.8976617952390298,-0.25741577490611095,-0.802892689259099,1.4271234985382573
201710,1.251430209749936,1.5778392158171592,-0.8701457072902246,-0.45957187850703846,-0.8858046727956546,0.9473521874691628,1.3756770865989156,2.0876786533766998,-0.9921674059315101,-0.1144687822804879,-0.4991773699093974,0.9539376054910521
201711,2.251060146661046,2.4067168642125574,-0.5666260115592321,0.1467557855049866,-0.8422166252462131,1.441978570629989,2.3879664117322266,2.4439078961882297,-0.5309473438727664,0.4529405187878602,-0.847497196095362,1.0267573239538854
201712,1.5296403046399918,2.2979327476963043,-0.575801824455669,0.2840864864978996,-0.432566592980923,1.3341465508873527,1.7129891201400422,2.4374228636753834,-0.7318953690527595,0.002765957876217669,-0.6716079762716148,1.2641443355534063
201801,1.544747050963773,1.8015300083172636,-0.9869867408747877,-0.2544167396036118,-0.8436657346535732,1.2715504671321483,1.570967314621799,1.6122416534267532,-1.0211385772373849,-0.40264771988293446,-0.9896077966598334,1.0653119826754078
201802,1.8246487086238683,2.0882308660075886,-0.885026922852912,-0.07707983195198632,-0.8537392079353378,0.77904121224134,1.8189712095248032,2.362513567629223,-0.5955942372436864,0.3659482643107937,-0.318143677925144,1.2245528217608836
201803,1.756955401820837,2.770585636907737,-0.4339387235266915,0.4991627930654244,-0.24057408641109493,1.0657198688326246,1.9116541552808628,2.855543371583074,-0.6292796090984069,0.741946702605098,-0.8690535094088572,1.122912675370251
201804,2.1383358492555686,3.008503403895074,-1.2508658761016727,0.18802410440914322,-0.897299724534892,1.1727869450533805,2.1475705082231205,3.105704309690424,-0.7266915587777777,0.5928602461035688,-0.6082859666008269,1.3314989986855448
201805,1.6562279253049423,2.5791765951754373,-1.0154346313450564,-0.03266442049303882,-1.1336491602722476,1.022252428220589,1.66065223912142,2.395595643260356,-1.1135435592890424,-0.25987895969408437,-1.3236919421076776,0.7585359627363665
201806,1.7519640643653094,2.808955163115286,-0.9158093260977105,0.1701003839159674,-1.0694045455200667,0.9896197931515118,1.8122933192501673,2.691600304196722,-0.6667582737646854,0.5485053934319327,-0.7546475417802755,1.031144200490311
201807,1.7154952117485596,3.0922795745313025,-0.8624541429920339,0.17799185560571096,-0.295445575932712,1.549694245492305,1.583985636181018,2.7727916291314947,-1.219062709749203,-0.13652935231657223,-0.6016372978942245,1.3407101504202277
201808,1.3536720971046974,2.336600627026874,-1.1840597324831146,-0.4434471835325256,-0.8835152848210867,1.583129728277918,1.609629814639854,2.5317171440696113,-1.0433565133084342,0.0054595417184465445,-0.8901050544552542,1.0873628020351958
201809,1.5394391366576714,1.905022632740034,-1.0453908197890018,-0.39856144678303507,-0.9812083403819839,0.9792129354238539,1.5041745608073982,1.9426354491123292,-1.0544943402559994,-0.18154208981787387,-0.984019633859927,1.0457159573140584
201810,1.5463494756533627,1.8296029841013781,-0.9061404791275557,-0.4416279267166646,-0.9994457760836764,1.3852151522503906,1.5901174499990323,2.5656170458834144,-0.7472506620421884,0.1739971548894319,-0.8588468531615364,0.8718518631051887
201811,1.6196744294411,2.4634420766896605,-0.9330605052957048,-0.1831756118074447,-1.1310746478440497,1.3770828850927215,1.5295460755507162,2.7412784364993037,-0.7961209770795212,0.3120174900445334,-0.668294948964964,1.0863878653186743
201812,1.2922890533597464,1.7715613978594866,-1.1205942739677381,-0.41686967241702794,-0.9130012803517525,1.0556527616729237,1.5697502453069148,2.343981325767699,-1.3056595081613622,-0.4285996992512269,-1.1771291320614543,1.1836183706341692
201901,1.0597397494545668,2.400074347195907,-1.061190637713436,-0.427088334748146,-1.0545393367329972,1.0392951617373036,1.2111386849726702,2.345353517923075,-0.7376652029050985,-0.20084561858954583,-0.9252063156236957,1.206375590188681
201902,1.4595743768167575,2.3525621674140784,-0.8387841882178448,0.1692176543029076,-0.5341171383695619,1.028167136305405,1.4661552719442814,2.500690722011762,-0.35566094602552684,0.5442870995626974,-0.16626123586713257,0.8882470701390849
201903,1.3026835626519055,2.192487340147961,-1.1649388168931307,-0.41835027312623996,-1.2905864098206252,1.575345896701259,0.9473510404900419,1.7803112941754644,-1.038176757502326,-0.5020427793205323,-1.0419514306453246,0.540628172979083
201904,1.391006363880851,2.152578811925346,-1.0316439035842193,-0.11549920149629314,-0.5612726812126286,0.9603728984859603,1.4853118126863034,2.2182516531525995,-0.6399589285278127,0.08380469278484397,-0.3725307205773039,1.1000798912911516
201905,1.232794983846646,2.2958284237636666,-1.3409457892018686,-0.6018191780130441,-1.4058854301337402,1.1509348965651003,1.100400333746542,2.3188574917645264,-1.0554530188998474,-0.48201015946604164,-1.0047506757176623,0.9695830828894887
201906,1.019128021622199,2.244992595175571,-1.2026900395603877,-0.5760654829285183,-1.1715163138124798,1.2226333306311281,1.4114873561951342,2.5531178839330453,-0.9736662137492478,-0.1253182370253706,-1.3230456748465724,1.1316868651431542
201907,1.2236530042171996,1.9085472707222566,-1.2142219800177283,-0.6850523567728961,-0.4754252167706391,0.8749980950371874,1.5141328173926367,2.3143084737152217,-0.7353516911124917,0.1329110292969401,-0.4680214646698557,1.0320439409475681
201908,0.9459403967846157,2.145491839021271,-0.952056868472434,-0.43627926393205674,-0.9354538537253356,1.0871011800487111,1.4645820577403272,2.4185363417235086,-0.549035370523666,0.04861441441683998,-0.9162284875221309,0.6712147435028694
201909,1.351706183446334,2.262616252503315,-0.743119828630683,-0.011910704890633363,-0.5549133829378161,1.1222659119305447,1.5930713775122798,2.4682794812649735,-0.7326453740188761,0.27299719976308284,-0.53198140897926,1.232645187348072
201910,1.0780963300486683,1.0559538473009604,-0.9543965865508218,-0.4526768721546263,-0.5169475405892763,1.1767052561311984,1.7318703083407854,2.469329943940164,-0.923282196901596,0.17162823625626092,-1.0178172025998675,0.9010597274255686
201911,1.6546551106622307,2.599392593984898,-0.9963682243895046,0.010323735305816747,-0.9882020612115785,1.0282183229348534,1.6801882858769006,2.3459048268742504,-0.8839367276675771,0.08832342089645984,-0.8454379811044359,0.8616027820933368
201912,1.623536838165714,2.3345837798043236,-0.8646085042566071,0.14174913131177433,-0.5950281428585282,1.0170014924019048,1.7406366762888397,2.384669877902852,-0.6115063031399451,0.42958119184273746,-0.8066508025054797,0.5756075134662653
202001,0.5481790884665166,2.0449353494160505,-0.873749807905562,-0.4019047396125783,-0.9338534665453551,1.3991018487459124,1.5251901449998884,2.485090351365592,-1.1335835843344826,-0.06361781204883843,-1.0949039348146683,0.9444365660198861
