timestamp,scope,raw_rows,root_bilateral_rows,direct_trade_rows,trade_context_rows,matched_rows,status
20170101000000,trade_context,0,0,0,0,0,download_failed
20170101001500,trade_context,0,0,0,0,0,download_failed
20170101003000,trade_context,0,0,0,0,0,download_failed
20170101004500,trade_context,0,0,0,0,0,download_failed
20170101010000,trade_context,0,0,0,0,0,download_failed
20170101011500,trade_context,0,0,0,0,0,download_failed
20170101013000,trade_context,0,0,0,0,0,download_failed
20170101014500,trade_context,0,0,0,0,0,download_failed
20170101020000,trade_context,0,0,0,0,0,download_failed
20170101021500,trade_context,0,0,0,0,0,download_failed
20170101023000,trade_context,0,0,0,0,0,download_failed
20170101024500,trade_context,0,0,0,0,0,download_failed
20170101030000,trade_context,0,0,0,0,0,download_failed
20170101031500,trade_context,0,0,0,0,0,download_failed
20170101033000,trade_context,0,0,0,0,0,download_failed
20170101034500,trade_context,0,0,0,0,0,download_failed
20170101040000,trade_context,0,0,0,0,0,download_failed
20170101041500,trade_context,0,0,0,0,0,download_failed
20170101043000,trade_context,0,0,0,0,0,download_failed
20170101044500,trade_context,0,0,0,0,0,download_failed
20170101050000,trade_context,0,0,0,0,0,download_failed
20170101051500,trade_context,0,0,0,0,0,download_failed
20170101053000,trade_context,0,0,0,0,0,download_failed
20170101054500,trade_context,0,0,0,0,0,download_failed
20170101060000,trade_context,0,0,0,0,0,download_failed
20170101061500,trade_context,0,0,0,0,0,download_failed
20170101063000,trade_context,0,0,0,0,0,download_failed
20170101064500,trade_context,0,0,0,0,0,download_failed
20170101070000,trade_context,0,0,0,0,0,download_failed
20170101071500,trade_context,0,0,0,0,0,download_failed
20170101073000,trade_context,0,0,0,0,0,download_failed
20170101074500,trade_context,0,0,0,0,0,download_failed
20170101080000,trade_context,0,0,0,0,0,download_failed
20170101081500,trade_context,0,0,0,0,0,download_failed
20170101083000,trade_context,0,0,0,0,0,download_failed
20170101084500,trade_context,0,0,0,0,0,download_failed
20170101090000,trade_context,0,0,0,0,0,download_failed
20170101091500,trade_context,0,0,0,0,0,download_failed
20170101093000,trade_context,0,0,0,0,0,download_failed
20170101094500,trade_context,0,0,0,0,0,download_failed
20170101100000,trade_context,0,0,0,0,0,download_failed
20170101101500,trade_context,0,0,0,0,0,download_failed
20170101103000,trade_context,0,0,0,0,0,download_failed
20170101104500,trade_context,0,0,0,0,0,download_failed
20170101110000,trade_context,0,0,0,0,0,download_failed
20170101111500,trade_context,0,0,0,0,0,download_failed
20170101113000,trade_context,0,0,0,0,0,download_failed
20170101114500,trade_context,0,0,0,0,0,download_failed
20170101120000,trade_context,0,0,0,0,0,download_failed
20170101121500,trade_context,0,0,0,0,0,download_failed
20170101123000,trade_context,0,0,0,0,0,download_failed
20170101124500,trade_context,0,0,0,0,0,download_failed
20170101130000,trade_context,0,0,0,0,0,download_failed
20170101131500,trade_context,0,0,0,0,0,download_failed
20170101133000,trade_context,0,0,0,0,0,download_failed
20170101134500,trade_context,0,0,0,0,0,download_failed
20170101140000,trade_context,0,0,0,0,0,download_failed
20170101141500,trade_context,0,0,0,0,0,download_failed
20170101143000,trade_context,0,0,0,0,0,download_failed
20170101144500,trade_context,0,0,0,0,0,download_failed
20170101150000,trade_context,0,0,0,0,0,download_failed
20170101151500,trade_context,0,0,0,0,0,download_failed
20170101153000,trade_context,0,0,0,0,0,download_failed
20170101154500,trade_context,0,0,0,0,0,download_failed
20170101160000,trade_context,0,0,0,0,0,download_failed
20170101161500,trade_context,0,0,0,0,0,download_failed
20170101163000,trade_context,0,0,0,0,0,download_failed
20170101164500,trade_context,0,0,0,0,0,download_failed
20170101170000,trade_context,0,0,0,0,0,download_failed
20170101171500,trade_context,0,0,0,0,0,download_failed
20170101173000,trade_context,0,0,0,0,0,download_failed
20170101174500,trade_context,0,0,0,0,0,download_failed
20170101180000,trade_context,0,0,0,0,0,download_failed
20170101181500,trade_context,0,0,0,0,0,download_failed
20170101183000,trade_context,0,0,0,0,0,download_failed
20170101184500,trade_context,0,0,0,0,0,download_failed
20170101190000,trade_context,0,0,0,0,0,download_failed
20170101191500,trade_context,0,0,0,0,0,download_failed
20170101193000,trade_context,0,0,0,0,0,download_failed
20170101194500,trade_context,0,0,0,0,0,download_failed
20170101200000,trade_context,0,0,0,0,0,download_failed
20170101201500,trade_context,0,0,0,0,0,download_failed
20170101203000,trade_context,0,0,0,0,0,download_failed
20170101204500,trade_context,0,0,0,0,0,download_failed
20170101210000,trade_context,0,0,0,0,0,download_failed
20170101211500,trade_context,0,0,0,0,0,download_failed
20170101213000,trade_context,0,0,0,0,0,download_failed
20170101214500,trade_context,0,0,0,0,0,download_failed
20170101220000,trade_context,0,0,0,0,0,download_failed
20170101221500,trade_context,0,0,0,0,0,download_failed
20170101223000,trade_context,0,0,0,0,0,download_failed
20170101224500,trade_context,0,0,0,0,0,download_failed
20170101230000,trade_context,0,0,0,0,0,download_failed
20170101231500,trade_context,0,0,0,0,0,download_failed
20170101233000,trade_context,0,0,0,0,0,download_failed
20170101234500,trade_context,0,0,0,0,0,download_failed
20170102000000,trade_context,0,0,0,0,0,download_failed
20170102001500,trade_context,0,0,0,0,0,download_failed
20170102003000,trade_context,0,0,0,0,0,download_failed
20170102004500,trade_context,0,0,0,0,0,download_failed
20170102010000,trade_context,0,0,0,0,0,download_failed
20170102011500,trade_context,0,0,0,0,0,download_failed
20170102013000,trade_context,0,0,0,0,0,download_failed
20170102014500,trade_context,0,0,0,0,0,download_failed
20170102020000,trade_context,0,0,0,0,0,download_failed
20170102021500,trade_context,0,0,0,0,0,download_failed
20170102023000,trade_context,0,0,0,0,0,download_failed
20170102024500,trade_context,0,0,0,0,0,download_failed
20170102030000,trade_context,0,0,0,0,0,download_failed
20170102031500,trade_context,0,0,0,0,0,download_failed
20170102033000,trade_context,0,0,0,0,0,download_failed
20170102034500,trade_context,0,0,0,0,0,download_failed
20170102040000,trade_context,0,0,0,0,0,download_failed
20170102041500,trade_context,0,0,0,0,0,download_failed
20170102043000,trade_context,0,0,0,0,0,download_failed
20170102044500,trade_context,0,0,0,0,0,download_failed
20170102050000,trade_context,0,0,0,0,0,download_failed
20170102051500,trade_context,0,0,0,0,0,download_failed
20170102053000,trade_context,0,0,0,0,0,download_failed
20170102054500,trade_context,0,0,0,0,0,download_failed
20170102060000,trade_context,0,0,0,0,0,download_failed
20170102061500,trade_context,0,0,0,0,0,download_failed
20170102063000,trade_context,0,0,0,0,0,download_failed
20170102064500,trade_context,0,0,0,0,0,download_failed
20170102070000,trade_context,0,0,0,0,0,download_failed
20170102071500,trade_context,0,0,0,0,0,download_failed
20170102073000,trade_context,0,0,0,0,0,download_failed
20170102074500,trade_context,0,0,0,0,0,download_failed
20170102080000,trade_context,0,0,0,0,0,download_failed
20170102081500,trade_context,0,0,0,0,0,download_failed
20170102083000,trade_context,0,0,0,0,0,download_failed
20170102084500,trade_context,0,0,0,0,0,download_failed
20170102090000,trade_context,0,0,0,0,0,download_failed
20170102091500,trade_context,0,0,0,0,0,download_failed
20170102093000,trade_context,0,0,0,0,0,download_failed
20170102094500,trade_context,0,0,0,0,0,download_failed
20170102100000,trade_context,0,0,0,0,0,download_failed
20170102101500,trade_context,0,0,0,0,0,download_failed
20170102103000,trade_context,0,0,0,0,0,download_failed
20170102104500,trade_context,0,0,0,0,0,download_failed
20170102110000,trade_context,0,0,0,0,0,download_failed
20170102111500,trade_context,0,0,0,0,0,download_failed
20170102113000,trade_context,0,0,0,0,0,download_failed
20170102114500,trade_context,0,0,0,0,0,download_failed
20170102120000,trade_context,0,0,0,0,0,download_failed
20170102121500,trade_context,0,0,0,0,0,download_failed
20170102123000,trade_context,0,0,0,0,0,download_failed
20170102124500,trade_context,0,0,0,0,0,download_failed
20170102130000,trade_context,0,0,0,0,0,download_failed
20170102131500,trade_context,0,0,0,0,0,download_failed
20170102133000,trade_context,0,0,0,0,0,download_failed
20170102134500,trade_context,0,0,0,0,0,download_failed
20170102140000,trade_context,0,0,0,0,0,download_failed
20170102141500,trade_context,0,0,0,0,0,download_failed
20170102143000,trade_context,0,0,0,0,0,download_failed
20170102144500,trade_context,0,0,0,0,0,download_failed
20170102150000,trade_context,0,0,0,0,0,download_failed
20170102151500,trade_context,0,0,0,0,0,download_failed
20170102153000,trade_context,0,0,0,0,0,download_failed
20170102154500,trade_context,0,0,0,0,0,download_failed
20170102160000,trade_context,0,0,0,0,0,download_failed
20170102161500,trade_context,0,0,0,0,0,download_failed
20170102163000,trade_context,0,0,0,0,0,download_failed
20170102164500,trade_context,0,0,0,0,0,download_failed
20170102170000,trade_context,0,0,0,0,0,download_failed
20170102171500,trade_context,0,0,0,0,0,download_failed
20170102173000,trade_context,0,0,0,0,0,download_failed
20170102174500,trade_context,0,0,0,0,0,download_failed
20170102180000,trade_context,0,0,0,0,0,download_failed
20170102181500,trade_context,0,0,0,0,0,download_failed
20170102183000,trade_context,0,0,0,0,0,download_failed
20170102184500,trade_context,0,0,0,0,0,download_failed
20170102190000,trade_context,0,0,0,0,0,download_failed
20170102191500,trade_context,0,0,0,0,0,download_failed
20170102193000,trade_context,0,0,0,0,0,download_failed
20170102194500,trade_context,0,0,0,0,0,download_failed
20170102200000,trade_context,0,0,0,0,0,download_failed
20170102201500,trade_context,0,0,0,0,0,download_failed
20170102203000,trade_context,0,0,0,0,0,download_failed
20170102204500,trade_context,0,0,0,0,0,download_failed
20170102210000,trade_context,0,0,0,0,0,download_failed
20170102211500,trade_context,0,0,0,0,0,download_failed
20170102213000,trade_context,0,0,0,0,0,download_failed
20170102214500,trade_context,0,0,0,0,0,download_failed
20170102220000,trade_context,0,0,0,0,0,download_failed
20170102221500,trade_context,0,0,0,0,0,download_failed
20170102223000,trade_context,0,0,0,0,0,download_failed
20170102224500,trade_context,0,0,0,0,0,download_failed
20170102230000,trade_context,0,0,0,0,0,download_failed
20170102231500,trade_context,0,0,0,0,0,download_failed
20170102233000,trade_context,0,0,0,0,0,download_failed
20170102234500,trade_context,0,0,0,0,0,download_failed
20170103000000,trade_context,0,0,0,0,0,download_failed
20170103001500,trade_context,0,0,0,0,0,download_failed
20170103003000,trade_context,0,0,0,0,0,download_failed
20170103004500,trade_context,0,0,0,0,0,download_failed
20170103010000,trade_context,0,0,0,0,0,download_failed
20170103011500,trade_context,0,0,0,0,0,download_failed
20170103013000,trade_context,0,0,0,0,0,download_failed
20170103014500,trade_context,0,0,0,0,0,download_failed
20170103020000,trade_context,0,0,0,0,0,download_failed
20170103021500,trade_context,0,0,0,0,0,download_failed
20170103023000,trade_context,0,0,0,0,0,download_failed
20170103024500,trade_context,0,0,0,0,0,download_failed
20170103030000,trade_context,0,0,0,0,0,download_failed
20170103031500,trade_context,0,0,0,0,0,download_failed
20170103033000,trade_context,0,0,0,0,0,download_failed
20170103034500,trade_context,0,0,0,0,0,download_failed
20170103040000,trade_context,0,0,0,0,0,download_failed
20170103041500,trade_context,0,0,0,0,0,download_failed
20170103043000,trade_context,0,0,0,0,0,download_failed
20170103044500,trade_context,0,0,0,0,0,download_failed
20170103050000,trade_context,0,0,0,0,0,download_failed
20170103051500,trade_context,0,0,0,0,0,download_failed
20170103053000,trade_context,0,0,0,0,0,download_failed
20170103054500,trade_context,0,0,0,0,0,download_failed
20170103060000,trade_context,0,0,0,0,0,download_failed
20170103061500,trade_context,0,0,0,0,0,download_failed
20170103063000,trade_context,0,0,0,0,0,download_failed
20170103064500,trade_context,0,0,0,0,0,download_failed
20170103070000,trade_context,0,0,0,0,0,download_failed
20170103071500,trade_context,0,0,0,0,0,download_failed
20170103073000,trade_context,0,0,0,0,0,download_failed
20170103074500,trade_context,0,0,0,0,0,download_failed
20170103080000,trade_context,0,0,0,0,0,download_failed
20170103081500,trade_context,0,0,0,0,0,download_failed
20170103083000,trade_context,0,0,0,0,0,download_failed
20170103084500,trade_context,0,0,0,0,0,download_failed
20170103090000,trade_context,0,0,0,0,0,download_failed
20170103091500,trade_context,0,0,0,0,0,download_failed
20170103093000,trade_context,0,0,0,0,0,download_failed
20170103094500,trade_context,0,0,0,0,0,download_failed
20170103100000,trade_context,0,0,0,0,0,download_failed
20170103101500,trade_context,0,0,0,0,0,download_failed
20170103103000,trade_context,0,0,0,0,0,download_failed
20170103104500,trade_context,0,0,0,0,0,download_failed
20170103110000,trade_context,0,0,0,0,0,download_failed
20170103111500,trade_context,0,0,0,0,0,download_failed
20170103113000,trade_context,0,0,0,0,0,download_failed
20170103114500,trade_context,0,0,0,0,0,download_failed
20170103120000,trade_context,0,0,0,0,0,download_failed
20170103121500,trade_context,0,0,0,0,0,download_failed
20170103123000,trade_context,0,0,0,0,0,download_failed
20170103124500,trade_context,0,0,0,0,0,download_failed
20170103130000,trade_context,0,0,0,0,0,download_failed
20170103131500,trade_context,0,0,0,0,0,download_failed
20170103133000,trade_context,0,0,0,0,0,download_failed
20170103134500,trade_context,0,0,0,0,0,download_failed
20170103140000,trade_context,0,0,0,0,0,download_failed
20170103141500,trade_context,0,0,0,0,0,download_failed
20170103143000,trade_context,0,0,0,0,0,download_failed
20170103144500,trade_context,0,0,0,0,0,download_failed
20170103150000,trade_context,0,0,0,0,0,download_failed
20170103151500,trade_context,0,0,0,0,0,download_failed
20170103153000,trade_context,0,0,0,0,0,download_failed
20170103154500,trade_context,0,0,0,0,0,download_failed
20170103160000,trade_context,0,0,0,0,0,download_failed
20170103161500,trade_context,0,0,0,0,0,download_failed
20170103163000,trade_context,0,0,0,0,0,download_failed
20170103164500,trade_context,0,0,0,0,0,download_failed
20170103170000,trade_context,0,0,0,0,0,download_failed
20170103171500,trade_context,0,0,0,0,0,download_failed
20170103173000,trade_context,0,0,0,0,0,download_failed
20170103174500,trade_context,0,0,0,0,0,download_failed
20170103180000,trade_context,0,0,0,0,0,download_failed
20170103181500,trade_context,0,0,0,0,0,download_failed
20170103183000,trade_context,0,0,0,0,0,download_failed
20170103184500,trade_context,0,0,0,0,0,download_failed
20170103190000,trade_context,0,0,0,0,0,download_failed
20170103191500,trade_context,0,0,0,0,0,download_failed
20170103193000,trade_context,0,0,0,0,0,download_failed
20170103194500,trade_context,0,0,0,0,0,download_failed
20170103200000,trade_context,0,0,0,0,0,download_failed
20170103201500,trade_context,0,0,0,0,0,download_failed
20170103203000,trade_context,0,0,0,0,0,download_failed
20170103204500,trade_context,0,0,0,0,0,download_failed
20170103210000,trade_context,0,0,0,0,0,download_failed
20170103211500,trade_context,0,0,0,0,0,download_failed
20170103213000,trade_context,0,0,0,0,0,download_failed
