boundary_epsilon,actor,state_id,concept,margin,stable,feasible_move_count,strict_improvement_count,stability_basis,local_ui_threshold_separation
0.050000000000,CN,7,GMR,0.024000000000,True,3,2,preference_and_response_analysis,0.234000000000
0.050000000000,CN,15,Nash,-0.028000000000,False,5,1,preference_and_response_analysis,0.028000000000
0.050000000000,CN,31,Nash,0.028000000000,True,5,0,feasible_moves_no_strict_improvement,0.028000000000
0.050000000000,CN,31,GMR,0.028000000000,True,5,0,feasible_moves_no_strict_improvement,0.028000000000
0.050000000000,CN,31,SMR,0.028000000000,True,5,0,feasible_moves_no_strict_improvement,0.028000000000
0.050000000000,CN,31,SEQ,0.028000000000,True,5,0,feasible_moves_no_strict_improvement,0.028000000000
0.050000000000,CN,44,Nash,0.032000000000,True,3,0,feasible_moves_no_strict_improvement,0.032000000000
0.050000000000,CN,44,GMR,0.032000000000,True,3,0,feasible_moves_no_strict_improvement,0.032000000000
0.050000000000,CN,44,SMR,0.032000000000,True,3,0,feasible_moves_no_strict_improvement,0.032000000000
0.050000000000,CN,44,SEQ,0.032000000000,True,3,0,feasible_moves_no_strict_improvement,0.032000000000
0.050000000000,CN,45,Nash,-0.006000000000,False,3,1,preference_and_response_analysis,0.006000000000
0.050000000000,CN,60,Nash,-0.032000000000,False,3,1,preference_and_response_analysis,0.032000000000
0.050000000000,US,11,SEQ,-0.050000000000,False,3,1,preference_and_response_analysis,0.124000000000
0.050000000000,US,14,GMR,0.010000000000,True,2,2,preference_and_response_analysis,0.444000000000
0.050000000000,US,22,SEQ,-0.028000000000,False,3,2,preference_and_response_analysis,0.500000000000
0.050000000000,US,30,GMR,-0.024000000000,False,2,1,preference_and_response_analysis,0.374000000000
0.050000000000,US,55,GMR,0.004000000000,True,2,2,preference_and_response_analysis,0.148000000000
0.050000000000,US,55,SMR,0.004000000000,True,2,2,preference_and_response_analysis,0.148000000000
0.050000000000,US,58,SEQ,0.032000000000,True,3,2,preference_and_response_analysis,0.282000000000
0.050000000000,US,59,SEQ,0.032000000000,True,3,1,preference_and_response_analysis,0.222000000000
0.050000000000,US,61,SEQ,0.032000000000,True,3,2,preference_and_response_analysis,0.062000000000
0.050000000000,US,64,GMR,-0.048000000000,False,1,1,preference_and_response_analysis,0.316000000000
