ensemble_size,metric,mean,median,sd,p05,p95,max
10,max_margin_error,0.746540000000,0.770000000000,0.159891593325,0.500000000000,1.000000000000,1.000000000000
10,CN_max_margin_error,0.630040000000,0.582000000000,0.140002591607,0.481700000000,0.859200000000,0.992000000000
10,US_max_margin_error,0.647400000000,0.664000000000,0.213184702011,0.331100000000,1.000000000000,1.000000000000
10,Nash_max_margin_error,0.310080000000,0.304000000000,0.068533215423,0.212000000000,0.421300000000,0.490000000000
10,GMR_max_margin_error,0.617700000000,0.519000000000,0.179460780443,0.411400000000,1.000000000000,1.000000000000
10,SMR_max_margin_error,0.609300000000,0.590000000000,0.138796377271,0.396000000000,0.888400000000,0.984000000000
10,SEQ_max_margin_error,0.699780000000,0.758000000000,0.173062934778,0.382000000000,0.898000000000,0.998000000000
50,max_margin_error,0.562600000000,0.512000000000,0.153790228374,0.379800000000,0.859000000000,1.000000000000
50,CN_max_margin_error,0.465920000000,0.480000000000,0.089800191222,0.254000000000,0.590000000000,0.602000000000
50,US_max_margin_error,0.387020000000,0.318000000000,0.277530596366,0.097900000000,0.859000000000,1.000000000000
50,Nash_max_margin_error,0.132860000000,0.129000000000,0.032516357966,0.089700000000,0.194100000000,0.208000000000
50,GMR_max_margin_error,0.428780000000,0.460000000000,0.131022982023,0.130000000000,0.590000000000,1.000000000000
50,SMR_max_margin_error,0.445360000000,0.416000000000,0.163898682673,0.131900000000,0.644000000000,0.888000000000
50,SEQ_max_margin_error,0.481760000000,0.473000000000,0.185540167994,0.207200000000,0.839000000000,0.918000000000
100,max_margin_error,0.456740000000,0.482000000000,0.151415851218,0.103700000000,0.634000000000,0.644000000000
100,CN_max_margin_error,0.398180000000,0.474000000000,0.157841269200,0.088000000000,0.512500000000,0.590000000000
100,US_max_margin_error,0.236540000000,0.104000000000,0.214714441324,0.059900000000,0.634000000000,0.644000000000
100,Nash_max_margin_error,0.089820000000,0.090000000000,0.019727630216,0.061800000000,0.126000000000,0.144000000000
100,GMR_max_margin_error,0.359540000000,0.450000000000,0.163947972777,0.076000000000,0.500000000000,0.590000000000
100,SMR_max_margin_error,0.347740000000,0.342000000000,0.182921886513,0.076000000000,0.634000000000,0.644000000000
100,SEQ_max_margin_error,0.337960000000,0.374000000000,0.153414729384,0.077900000000,0.512500000000,0.590000000000
200,max_margin_error,0.325320000000,0.470000000000,0.211040896989,0.048950000000,0.522100000000,0.649000000000
200,CN_max_margin_error,0.299270000000,0.460000000000,0.206223075010,0.048000000000,0.507000000000,0.517000000000
200,US_max_margin_error,0.094180000000,0.053000000000,0.135986584306,0.035950000000,0.371050000000,0.649000000000
200,Nash_max_margin_error,0.054490000000,0.052000000000,0.013865512044,0.036950000000,0.080200000000,0.112000000000
200,GMR_max_margin_error,0.265910000000,0.185500000000,0.205297473010,0.041000000000,0.500000000000,0.500000000000
200,SMR_max_margin_error,0.203850000000,0.189500000000,0.160862534639,0.040950000000,0.426150000000,0.649000000000
200,SEQ_max_margin_error,0.234890000000,0.222000000000,0.170172989524,0.040750000000,0.507000000000,0.517000000000
300,max_margin_error,0.282246666667,0.291000000000,0.210122761510,0.035300000000,0.500266666667,0.634000000000
300,CN_max_margin_error,0.274453333333,0.274333333333,0.207181760179,0.031300000000,0.500000000000,0.508666666667
300,US_max_margin_error,0.048453333333,0.035666666667,0.083522391871,0.026000000000,0.055333333333,0.634000000000
300,Nash_max_margin_error,0.035140000000,0.034000000000,0.009496077517,0.023966666667,0.054100000000,0.068000000000
300,GMR_max_margin_error,0.231493333333,0.046666666667,0.221764824625,0.027333333333,0.500000000000,0.500000000000
300,SMR_max_margin_error,0.154313333333,0.052666666667,0.140050029701,0.027300000000,0.316000000000,0.634000000000
300,SEQ_max_margin_error,0.185186666667,0.195333333333,0.135262195564,0.029333333333,0.447833333333,0.508666666667
400,max_margin_error,0.223865000000,0.098000000000,0.214610898259,0.021475000000,0.500000000000,0.500000000000
400,CN_max_margin_error,0.223375000000,0.098000000000,0.215066343710,0.019925000000,0.500000000000,0.500000000000
400,US_max_margin_error,0.023805000000,0.023500000000,0.005831772518,0.016425000000,0.034000000000,0.044000000000
400,Nash_max_margin_error,0.023015000000,0.022000000000,0.005403634673,0.015500000000,0.034000000000,0.041500000000
400,GMR_max_margin_error,0.200010000000,0.028000000000,0.226773637637,0.018000000000,0.500000000000,0.500000000000
400,SMR_max_margin_error,0.121225000000,0.028750000000,0.124657720774,0.018500000000,0.288500000000,0.293500000000
400,SEQ_max_margin_error,0.131790000000,0.098000000000,0.106648748021,0.018500000000,0.291125000000,0.382000000000
490,max_margin_error,0.071528571429,0.009632653061,0.116869847992,0.005540816327,0.500000000000,0.500000000000
490,CN_max_margin_error,0.071196734694,0.009163265306,0.117053615189,0.004893877551,0.500000000000,0.500000000000
490,US_max_margin_error,0.006744489796,0.006693877551,0.001507311073,0.004567346939,0.009275510204,0.010897959184
490,Nash_max_margin_error,0.006375918367,0.006244897959,0.001487658630,0.004242857143,0.008942857143,0.010693877551
490,GMR_max_margin_error,0.036353469388,0.006755102041,0.117736888692,0.004408163265,0.500000000000,0.500000000000
490,SMR_max_margin_error,0.022741632653,0.006693877551,0.064322441905,0.004363265306,0.276000000000,0.276000000000
490,SEQ_max_margin_error,0.053923265306,0.008653061224,0.058795708261,0.005128571429,0.212000000000,0.212000000000
