actor,state_id,stability_concept,margin_mean,margin_median,margin_q05,margin_q95,margin_min,margin_max,stable_rate,majority_stable
CN,1,GMR,1.0000000000,1.0000000000,1.0000000000,1.0000000000,1.0000000000,1.0000000000,1.0000000000,True
CN,1,Nash,1.0000000000,1.0000000000,1.0000000000,1.0000000000,1.0000000000,1.0000000000,1.0000000000,True
CN,1,SEQ,1.0000000000,1.0000000000,1.0000000000,1.0000000000,1.0000000000,1.0000000000,1.0000000000,True
CN,1,SMR,1.0000000000,1.0000000000,1.0000000000,1.0000000000,1.0000000000,1.0000000000,1.0000000000,True
CN,2,GMR,1.4862317746,1.5944402646,0.2847745792,2.3322229813,-0.8050309283,2.6773695419,0.9728997290,True
CN,2,Nash,-1.3155199742,-1.3062430617,-1.9212467343,-0.7191261839,-2.3978315353,0.0500588315,0.0027100271,False
CN,2,SEQ,0.0696636340,0.0805413978,-0.4835614198,0.6468906767,-0.8050309283,1.1052972280,0.5989159892,True
CN,2,SMR,0.2086009672,0.1671998816,-0.3835285234,1.0894065043,-1.2835406414,1.5896392281,0.7588075881,True
CN,3,GMR,0.5876053614,0.4486357825,0.0791580612,2.1850873958,0.0014442355,2.8120186788,1.0000000000,True
CN,3,Nash,0.3829029516,0.3969055194,-0.1030574340,0.8386937811,-0.3570648976,1.0127155269,0.9132791328,True
CN,3,SEQ,0.5037872503,0.4450352536,0.0791580612,1.2221259649,0.0014442355,2.0455012571,1.0000000000,True
CN,3,SMR,0.4939466505,0.4480607651,0.0791580612,1.0931065362,0.0014442355,1.8078113999,1.0000000000,True
CN,4,GMR,-0.3627355163,-0.5948923300,-1.1267304455,0.8872934333,-1.4706010421,1.1880926034,0.3008130081,False
CN,4,Nash,-0.4708401934,-0.5882296656,-1.0207049104,0.4734371169,-1.2729191151,0.7445426674,0.1653116531,False
CN,4,SEQ,-0.4222528282,-0.5948923300,-1.1267304455,0.5685392132,-1.4706010421,0.8695660946,0.2764227642,False
CN,4,SMR,-0.5626559553,-0.7094006812,-1.1350261345,0.4734371169,-1.5178274050,0.7445426674,0.1707317073,False
CN,5,GMR,0.6129697786,0.3695118105,-0.5165279883,1.7442396909,-1.0646637985,1.9352438252,0.8699186992,True
CN,5,Nash,-0.1425082993,-0.1393977290,-0.5957519360,0.3263837549,-1.1322685280,0.6424552898,0.3116531165,False
CN,5,SEQ,-0.3433659217,-0.2371141330,-1.3441961198,0.3518519931,-2.3222240331,0.9179267465,0.3929539295,False
CN,5,SMR,-0.3429459909,-0.2628033083,-1.2704880658,0.5880794861,-1.4845909320,1.0883101302,0.4579945799,False
CN,6,GMR,0.4139639125,0.3415371262,-0.3875372876,1.4433054532,-0.8318024661,2.6823148322,0.7750677507,True
CN,6,Nash,-1.1634572856,-1.3740928105,-1.7706461045,0.2198126433,-2.0434089629,0.7671979127,0.0975609756,False
CN,6,SEQ,0.2563215729,0.2451618254,-0.4710657072,1.2450329782,-0.8318024661,2.1537115062,0.6639566396,True
CN,6,SMR,-0.4048408828,-0.4661382961,-1.2328454997,0.5653346826,-1.5425695570,0.9469394242,0.2520325203,False
CN,7,GMR,0.1680924554,0.1224148952,-0.4365212297,0.8977966777,-0.6836010415,1.1452990218,0.6558265583,True
CN,7,Nash,-1.8513338093,-2.1282425138,-2.5262305526,-0.0935969308,-2.6593236287,0.4205921583,0.0433604336,False
CN,7,SEQ,-0.1677990123,-0.1940134006,-0.7490143445,0.7075928061,-1.0751555852,0.9687914614,0.2791327913,False
CN,7,SMR,-1.1358391569,-1.3507247180,-1.9539434891,0.3883340026,-2.1835407535,1.0626898953,0.1409214092,False
CN,8,GMR,0.7051136679,0.7315724141,0.1629631034,1.2493330530,-1.1403350255,1.8006725404,0.9756097561,True
CN,8,Nash,0.4505249537,0.6256230534,-0.7761443152,1.0907584725,-1.3506507939,1.2734081454,0.8102981030,True
CN,8,SEQ,0.4739480764,0.6256230534,-0.7037388842,1.0907584725,-2.2434688803,1.2734081454,0.8401084011,True
CN,8,SMR,0.6450034373,0.6967224652,0.0756656495,1.1565005142,-1.3945515612,1.4319224318,0.9620596206,True
CN,9,GMR,1.2665807253,1.1430219573,0.0291849794,2.7654415477,-0.6524656382,3.1559372815,0.9620596206,True
CN,9,Nash,-0.9812505661,-1.2243186164,-1.7033046853,0.7212035638,-2.0014315182,1.0277717321,0.1436314363,False
CN,9,SEQ,-0.7483057887,-0.8706453451,-1.4828374834,0.7212035638,-1.9735555227,1.0277717321,0.1436314363,False
CN,9,SMR,-0.2855996529,-0.3170967408,-1.1988204176,0.7212035638,-1.7221061533,1.0277717321,0.2845528455,False
CN,10,GMR,1.0000000000,1.0000000000,1.0000000000,1.0000000000,1.0000000000,1.0000000000,1.0000000000,True
CN,10,Nash,1.0000000000,1.0000000000,1.0000000000,1.0000000000,1.0000000000,1.0000000000,1.0000000000,True
CN,10,SEQ,1.0000000000,1.0000000000,1.0000000000,1.0000000000,1.0000000000,1.0000000000,1.0000000000,True
CN,10,SMR,1.0000000000,1.0000000000,1.0000000000,1.0000000000,1.0000000000,1.0000000000,1.0000000000,True
CN,11,GMR,-0.0323966278,-0.0303542460,-0.7518343874,0.6791145136,-1.3846421051,1.7923474493,0.4796747967,False
CN,11,Nash,-1.3708151243,-1.6194028004,-1.9796624674,0.1948309014,-2.1734778668,0.5788031561,0.0894308943,False
CN,11,SEQ,-0.8831319333,-0.9421272454,-1.9099573523,0.3255420780,-2.2527638048,1.1393150431,0.1463414634,False
CN,11,SMR,-0.4640892354,-0.4885737958,-1.2019460478,0.3334023560,-1.5587572344,0.5788031561,0.2005420054,False
CN,12,GMR,-1.1932891819,-1.4356434319,-2.2648376795,0.4600577292,-2.7651195776,0.8950401711,0.1707317073,False
CN,12,Nash,-1.1638492396,-1.3268200936,-2.0851159797,0.3649030322,-2.5442613326,0.6738818526,0.1192411924,False
CN,12,SEQ,-1.8488274111,-2.1488551128,-3.0569417832,0.3649030322,-3.7395053753,0.6738818526,0.1327913279,False
CN,12,SMR,-1.8161462805,-2.2113637990,-2.9116984474,0.4242316228,-3.0451007385,0.8950401711,0.1490514905,False
CN,13,GMR,0.4314412189,0.3880994867,-0.3633455308,1.4510471928,-0.7102506678,2.0904788462,0.7804878049,True
CN,13,Nash,-0.9883447526,-1.1795324350,-1.7438134902,0.3896486077,-2.2144190165,0.5148982798,0.1300813008,False
CN,13,SEQ,-0.5186713692,-0.5660297970,-1.2456423841,0.4083570819,-1.9353308677,0.5259393576,0.1815718157,False
CN,13,SMR,-0.2120190382,-0.2432349364,-1.0417910251,0.5462589350,-1.4210177587,1.0585495378,0.3550135501,False
CN,14,GMR,-0.7710107011,-1.0018438215,-1.3353473607,0.7455931042,-1.6133671883,1.1302362195,0.1517615176,False
CN,14,Nash,-2.1775697553,-2.5533218779,-3.0681234749,0.0701764923,-3.2398195291,0.3894554731,0.0623306233,False
CN,14,SEQ,-0.7968321919,-1.0081147889,-1.3353473607,0.6439493674,-1.6133671883,1.1254297443,0.1436314363,False
CN,14,SMR,-1.1407543276,-1.3345679728,-1.9718871432,0.6419993242,-2.7820841399,1.0967564120,0.1355013550,False
CN,15,GMR,0.3347446731,0.3125188575,-0.5950764913,1.1744126970,-1.3050535990,1.7555093258,0.8157181572,True
CN,15,Nash,-0.0174484326,-0.0664001185,-0.6057641976,0.7683142155,-0.8900378347,0.8936787677,0.4254742547,False
CN,15,SEQ,-0.7071870930,-0.2969250050,-2.5318961230,0.7683142155,-2.6863961196,0.8936787677,0.4471544715,False
CN,15,SMR,-0.4549881679,-0.3178560866,-1.8938356302,0.7683142155,-2.5743052203,0.8936787677,0.4525745257,False
CN,16,GMR,-1.0463666114,-1.0340898684,-1.9301705221,0.1212176076,-2.5148974003,0.4053666229,0.0731707317,False
CN,16,Nash,-1.7649902429,-2.0135323975,-2.7025266744,0.0377214802,-3.1693228981,0.4053666229,0.0542005420,False
CN,16,SEQ,-1.2730953478,-1.3076434427,-1.9654924278,0.0377214802,-2.5148974003,0.4053666229,0.0542005420,False
CN,16,SMR,-1.1867488727,-1.2850889507,-1.9695906604,0.1212176076,-2.5148974003,0.4053666229,0.0731707317,False
CN,17,GMR,1.0000000000,1.0000000000,1.0000000000,1.0000000000,1.0000000000,1.0000000000,1.0000000000,True
CN,17,Nash,1.0000000000,1.0000000000,1.0000000000,1.0000000000,1.0000000000,1.0000000000,1.0000000000,True
CN,17,SEQ,1.0000000000,1.0000000000,1.0000000000,1.0000000000,1.0000000000,1.0000000000,1.0000000000,True
CN,17,SMR,1.0000000000,1.0000000000,1.0000000000,1.0000000000,1.0000000000,1.0000000000,1.0000000000,True
CN,18,GMR,1.2359838045,1.4338181551,-0.4873895387,2.4399658119,-1.4322588010,2.9083690211,0.8644986450,True
CN,18,Nash,-1.5581871953,-1.4833217870,-2.8469667321,-0.5346051059,-3.4114418037,0.4969758520,0.0054200542,False
CN,18,SEQ,-0.0198413995,0.0103587932,-0.6170026554,0.5577020011,-1.4322588010,1.1052972280,0.5067750678,True
CN,18,SMR,-0.0350588631,0.0372799140,-0.9481475135,0.5579706482,-1.7145696903,0.7781984202,0.5365853659,True
CN,19,GMR,0.8895618828,0.6509576575,0.0161965440,2.2294498126,-0.5759727732,2.4765614262,0.9539295393,True
CN,19,Nash,-0.5557704453,-0.5575377477,-0.9911567102,-0.1527353831,-1.1292005618,0.1934691487,0.0135501355,False
CN,19,SEQ,-0.2447586586,-0.5290273654,-1.1133586320,1.4001349320,-1.3353395464,1.7265150177,0.2466124661,False
CN,19,SMR,0.4727823727,0.5367794343,-0.3910603484,1.1633661020,-0.9506125932,1.4775656052,0.8455284553,True
CN,20,GMR,-1.3240135001,-1.4315812253,-1.9762133613,-0.3151620565,-2.2328509245,0.1345302602,0.0081300813,False
CN,20,Nash,-1.3344105860,-1.4282465548,-1.7399446978,-0.5774873436,-2.0329255725,-0.3069633335,0.0000000000,False
CN,20,SEQ,-1.3241281119,-1.4315812253,-1.9762133613,-0.3151620565,-2.2328509245,0.1345302602,0.0081300813,False
CN,20,SMR,-1.5019363874,-1.5683068321,-1.9990424437,-0.8352313281,-2.2328509245,-0.3138660743,0.0000000000,False
CN,21,GMR,-0.4705329780,-0.4903146611,-1.8793151562,1.1927454797,-2.9556060407,1.6728872404,0.2574525745,False
CN,21,Nash,-0.9881190221,-0.8925845799,-1.9719225752,-0.3315988886,-2.9945379043,-0.0589973319,0.0000000000,False
CN,21,SEQ,-1.6255399429,-1.9110073292,-2.5227866633,-0.2690161682,-2.9556060407,0.4843236233,0.0162601626,False
CN,21,SMR,-1.5117272732,-1.5424938928,-2.3648818559,-0.4158932745,-2.9556060407,0.0578001301,0.0027100271,False
CN,22,GMR,1.2812593658,1.4041623934,0.4599614005,1.6384851196,0.0988199556,1.7485859883,1.0000000000,True
CN,22,Nash,1.2812593658,1.4041623934,0.4599614005,1.6384851196,0.0988199556,1.7485859883,1.0000000000,True
CN,22,SEQ,1.2812593658,1.4041623934,0.4599614005,1.6384851196,0.0988199556,1.7485859883,1.0000000000,True
CN,22,SMR,1.2812593658,1.4041623934,0.4599614005,1.6384851196,0.0988199556,1.7485859883,1.0000000000,True
CN,23,GMR,0.7726885864,0.7839512135,0.2143446074,1.2238423847,0.0104460493,2.0294459254,1.0000000000,True
CN,23,Nash,0.7219127768,0.7670093095,0.1338168871,1.1868350693,-0.4127640453,1.4004035991,0.9647696477,True
CN,23,SEQ,0.7471408971,0.7670314942,0.1954820304,1.1868350693,0.0104460493,1.4004035991,1.0000000000,True
CN,23,SMR,0.7444438992,0.7685024760,0.1874922050,1.1868350693,-0.1151662600,1.4004035991,0.9945799458,True
CN,24,GMR,-0.3820429045,-0.3662040970,-1.6179426749,0.6669929902,-2.2102761138,1.4202463735,0.2601626016,False
CN,24,Nash,-1.1570263315,-1.0358445975,-2.3105069760,-0.3728279007,-2.8953441668,0.0293609836,0.0027100271,False
CN,24,SEQ,-1.7857282488,-2.1878956333,-2.5852024134,-0.1704889569,-2.6933753812,0.2612416624,0.0162601626,False
CN,24,SMR,-1.6243883524,-1.7518768083,-2.4977730302,-0.2186926319,-2.8511137313,0.3253599723,0.0135501355,False
CN,25,GMR,1.5010465434,1.5822342158,0.1826844302,2.5042119652,0.0001848719,2.7361732609,1.0000000000,True
CN,25,Nash,-1.0671643911,-1.2183697649,-1.6072439921,0.1272614041,-1.8223023455,0.3891437750,0.0813008130,False
CN,25,SEQ,-0.7642265988,-0.8110120739,-1.2478166607,0.1272614041,-1.5781605871,0.3891437750,0.0813008130,False
CN,25,SMR,-0.4667182416,-0.3135355171,-1.9795743931,0.2723924806,-2.9822223164,0.5343436005,0.2303523035,False
CN,26,GMR,-0.7039939957,-0.7853134987,-1.2678981449,0.3280109840,-1.7009755048,0.8432632557,0.0894308943,False
CN,26,Nash,-2.9159814037,-2.9798002662,-3.5153195364,-1.9738329754,-3.7122216682,-1.6491877131,0.0000000000,False
CN,26,SEQ,-0.7506308834,-0.7881883001,-1.2678981449,-0.0365389805,-1.7009755048,0.8432632557,0.0433604336,False
CN,26,SMR,-1.4149351913,-1.6462089883,-2.0048438026,0.3280109840,-2.5662471849,0.8432632557,0.0813008130,False
CN,27,GMR,0.5498932534,0.5128823225,0.1095636756,0.9336175747,-0.3255020371,2.6562509592,0.9918699187,True
CN,27,Nash,0.4683283671,0.4973953560,-0.0416546533,0.8629132269,-0.2924755735,1.0111931174,0.9430894309,True
CN,27,SEQ,0.4768165870,0.5100917569,0.0630035861,0.9069000810,-2.0770174823,2.0873535786,0.9728997290,True
CN,27,SMR,0.5077355632,0.5124086325,0.1095636756,0.8684331264,-0.3255020371,1.4736636557,0.9918699187,True
CN,28,GMR,0.3169642559,0.4250446249,-0.8557325564,0.7844833491,-1.6001700755,1.1573487832,0.8915989160,True
CN,28,Nash,0.2652197082,0.3834982474,-0.5867928696,0.7419956282,-1.1561391265,0.9181658646,0.7886178862,True
CN,28,SEQ,0.2317363394,0.4035999746,-1.0534321102,0.7475482831,-1.7253756535,1.1573487832,0.8482384824,True
CN,28,SMR,0.3128910766,0.4250446249,-0.9131534753,0.7844833491,-1.6001700755,1.1573487832,0.8888888889,True
CN,29,GMR,0.8568237493,0.8799323332,0.0123076999,2.0498995285,-0.2977722284,2.6036543003,0.9701897019,True
CN,29,Nash,-0.1052987422,-0.0899070388,-0.6679030381,0.4326241276,-1.0889952356,0.8143560548,0.3983739837,False
CN,29,SEQ,0.6715224023,0.4981486624,0.0104732397,1.7837712409,-0.2977722284,2.1218523686,0.9674796748,True
CN,29,SMR,0.4043002432,0.3130769664,-0.0421706709,1.1514030491,-0.4611239096,1.6170804260,0.9295392954,True
CN,30,GMR,-0.0886288925,-0.1056603277,-0.6781475929,0.7321638961,-1.2026451887,0.9682927974,0.3685636856,False
CN,30,Nash,-1.6643410654,-1.8606448054,-2.3225114405,-0.2328713382,-2.5181855864,0.0301547870,0.0027100271,False
CN,30,SEQ,-0.1863485713,-0.2258395458,-0.7367108364,0.6190097459,-1.2026451887,0.9682927974,0.2439024390,False
CN,30,SMR,-0.6335337029,-0.6778740704,-1.1669593658,0.5387228727,-1.9512564078,0.9682927974,0.0785907859,False
CN,31,GMR,0.3215102570,0.2968846081,-0.8603699938,1.3418756411,-1.9851983426,1.9447760676,0.8509485095,True
CN,31,Nash,-0.1087126168,0.0196964941,-1.0961930971,0.5062016231,-1.7623146985,0.8668682093,0.5176151762,True
CN,31,SEQ,-0.1372512684,0.0757435022,-1.2692806465,0.5062016231,-1.9851983426,0.8668682093,0.5772357724,True
CN,31,SMR,-0.1455700831,0.1602638223,-1.9223004645,0.8721881486,-2.4640976739,1.2316562514,0.6747967480,True
CN,32,GMR,-0.5527373594,-0.4683647712,-1.7741077544,0.3324367889,-1.9398965684,0.6835928632,0.1517615176,False
CN,32,Nash,-1.4099007515,-1.4171594300,-1.9517879957,-0.7870468539,-2.2098191924,-0.5545355449,0.0000000000,False
CN,32,SEQ,-1.2190052726,-1.2041559654,-1.8460557886,-0.6590075911,-2.0910730601,-0.2237731126,0.0000000000,False
CN,32,SMR,-0.9260939284,-0.7963561576,-2.4851362287,0.1092780609,-2.6801087652,0.6310265839,0.0785907859,False
CN,33,GMR,1.3388591408,1.4392940889,0.5319575393,1.7447552448,0.0002189491,1.8974110260,1.0000000000,True
CN,33,Nash,-0.4464906412,-0.4340502841,-0.8504031389,-0.0171083120,-1.2258397957,0.2874407384,0.0487804878,False
CN,33,SEQ,0.1074499764,0.1117772049,-0.2236809794,0.3986785208,-0.4545858775,0.6540441808,0.6937669377,True
CN,33,SMR,0.7652354971,0.7889088398,0.2528429381,1.2542968233,0.0002189491,1.4456135165,1.0000000000,True
CN,34,GMR,1.0234100582,1.0186415067,0.1859534340,1.7798660567,-0.5715866482,2.3307844387,0.9756097561,True
CN,34,Nash,-1.3562437716,-1.3726623064,-1.8655084927,-0.7659475463,-2.1579015898,-0.1104791020,0.0000000000,False
CN,34,SEQ,0.1182465193,0.1175514632,-0.4567814432,0.7193596231,-0.6760117027,1.2122717053,0.6341463415,True
CN,34,SMR,0.4638877415,0.4344857864,-0.0576312237,1.1170101716,-0.5715866482,1.5316006299,0.9214092141,True
CN,35,GMR,1.0298598624,1.0690235224,0.5478163494,1.3802251140,0.0235600592,2.2152274343,1.0000000000,True
CN,35,Nash,-0.5425984553,-0.5543717286,-0.8576120113,-0.1895547631,-1.1253562707,0.0668237247,0.0054200542,False
CN,35,SEQ,-1.2880284131,-1.3166749205,-1.9189787702,-0.6722344046,-2.1576305641,1.8496075068,0.0135501355,False
CN,35,SMR,0.3363848996,0.3849936086,-0.1966814768,0.7398824032,-0.4420559433,0.9525782042,0.8590785908,True
CN,36,GMR,0.5481438458,0.6997047432,-0.4454762201,1.2358639269,-0.7251348657,2.0015426658,0.8319783198,True
CN,36,Nash,-0.1812102721,-0.1828364623,-0.4714787025,0.1328653738,-0.7608712046,0.4517336814,0.1626016260,False
CN,36,SEQ,0.0262449166,0.1604355388,-1.2966525289,0.6657912267,-1.5722750065,1.2576391576,0.6395663957,True
CN,36,SMR,-0.2797699883,-0.2852112898,-0.8489792770,0.2042651524,-1.7056509805,0.5071903595,0.2032520325,False
CN,37,GMR,0.0628912769,0.1041585701,-0.6639103563,0.6271372924,-1.1443005942,1.0164581521,0.6531165312,True
CN,37,Nash,-0.3311074770,-0.2576185866,-1.1017680898,0.2259016757,-1.8058220654,0.5292358931,0.1978319783,False
CN,37,SEQ,-0.8511418691,-0.7419675958,-2.3238699013,0.2743044485,-2.6689963387,0.5292358931,0.2601626016,False
CN,37,SMR,-0.7315373889,-0.8918539297,-1.5993998122,0.2673361345,-2.0925371266,0.5950891568,0.2682926829,False
CN,38,GMR,0.2114525009,0.2554745931,-0.4686888106,0.6887708446,-0.8291668999,1.7960855188,0.7994579946,True
CN,38,Nash,0.1820844450,0.2517915769,-0.4571867732,0.6690927004,-0.7272958424,0.9423808703,0.7452574526,True
CN,38,SEQ,0.2028603885,0.2554745931,-0.4686888106,0.6887708446,-0.8291668999,0.9423808703,0.7940379404,True
CN,38,SMR,0.1533404612,0.2538907002,-0.8132242226,0.6807906278,-1.1086632019,0.9423808703,0.7777777778,True
CN,39,GMR,1.3775845804,1.5506241232,0.1528216444,2.0074261107,0.0022475990,2.2666186176,1.0000000000,True
CN,39,Nash,1.3652092006,1.5506241232,0.0233468580,2.0074261107,-0.3068560994,2.2666186176,0.9539295393,True
CN,39,SEQ,1.3775845804,1.5506241232,0.1528216444,2.0074261107,0.0022475990,2.2666186176,1.0000000000,True
CN,39,SMR,1.3775845804,1.5506241232,0.1528216444,2.0074261107,0.0022475990,2.2666186176,1.0000000000,True
CN,40,GMR,-0.4164930568,-0.4281478432,-0.9253111714,0.1166603191,-1.2460818181,0.5077388219,0.1029810298,False
CN,40,Nash,-1.6673883496,-1.7438695512,-2.0594951674,-0.8993940815,-2.2488035130,-0.3441599141,0.0000000000,False
CN,40,SEQ,-0.8181360166,-0.8513221625,-1.3560148944,-0.1877043756,-1.4681792385,0.1340467806,0.0108401084,False
CN,40,SMR,-1.6557860861,-1.8883527034,-2.4328168270,-0.1448281429,-2.6816585386,0.2794396585,0.0271002710,False
CN,41,GMR,-2.5249041226,-2.6941328269,-3.2810685085,-1.3654518084,-3.4212214402,0.8404625812,0.0189701897,False
CN,41,Nash,-2.6007662601,-2.9125959219,-3.1146178669,-1.1157281762,-3.1530815459,-0.7287501045,0.0000000000,False
CN,41,SEQ,-2.5700159390,-2.6941328269,-3.2810685085,-1.5497063243,-3.4212214402,-0.5539427388,0.0000000000,False
CN,41,SMR,-2.6546319221,-2.8149967921,-3.3506506507,-1.3766001859,-3.5456720804,0.0291923201,0.0027100271,False
CN,42,GMR,0.6937263894,0.4828363983,0.2078413707,2.3557394178,0.0039019945,2.8304376242,1.0000000000,True
CN,42,Nash,0.3477818409,0.4362703198,-0.2845219095,0.6143279829,-0.4399012783,0.7210338900,0.8617886179,True
CN,42,SEQ,0.3988964078,0.4513709541,-0.0108187400,0.6286051205,-0.5670964140,1.1396155169,0.9403794038,True
CN,42,SMR,0.6905651813,0.4828363983,0.2078413707,2.3433305960,0.0039019945,2.5629656043,1.0000000000,True
CN,43,GMR,0.1997670689,0.1334786044,-0.1233478227,0.9067653704,-0.4665369151,1.0261952675,0.7994579946,True
CN,43,Nash,-0.9123366737,-1.0321358328,-1.5220856758,0.0817125368,-1.7761697645,0.3539733309,0.0731707317,False
CN,43,SEQ,-0.6235197762,-0.6839708036,-1.1320457938,0.0817125368,-1.3040312297,0.3539733309,0.0731707317,False
CN,43,SMR,0.0562833073,0.0262799462,-0.2015209295,0.4198447284,-0.5104195998,0.5776769735,0.5853658537,True
CN,44,GMR,0.3198004315,0.2887511778,-0.2117211528,0.9489124545,-0.8274682256,1.4002757338,0.8915989160,True
CN,44,Nash,0.0637051603,0.0300157758,-0.3840866368,0.6017452695,-0.6534318778,0.9250343336,0.5420054201,True
CN,44,SEQ,-0.3608263458,0.1106469513,-2.2955128588,0.6619812524,-2.5956365599,0.9989057164,0.6476964770,True
CN,44,SMR,0.2046245697,0.1902150164,-0.4138158161,0.8580163669,-1.1394147503,1.0664213161,0.7940379404,True
CN,45,GMR,0.6346319999,0.4776764572,-0.2443537994,1.5496468731,-0.6513733575,1.6980417851,0.9078590786,True
CN,45,Nash,0.1183734517,0.0626617285,-0.4418199908,0.9591635999,-0.7534606854,1.1965350988,0.5555555556,True
CN,45,SEQ,0.3067328509,0.2687803666,-0.3991069975,0.9634636410,-1.5285787851,1.1965350988,0.8102981030,True
CN,45,SMR,0.0075145556,0.0992273999,-0.9440678319,0.9619381950,-1.1930549298,1.1965350988,0.6043360434,True
CN,46,GMR,-0.1734077150,-0.2224538055,-0.7183513225,0.4892362819,-0.9923921883,1.0265423544,0.3170731707,False
CN,46,Nash,-0.6164232034,-0.7314223008,-1.1417649942,0.3598806266,-1.4531962682,0.7476517687,0.1517615176,False
CN,46,SEQ,-0.1939979727,-0.2224538055,-0.7706594945,0.4379102996,-0.9923921883,1.0265423544,0.3143631436,False
CN,46,SMR,-0.7682249291,-0.8731278273,-1.5115672239,0.3598806266,-2.1934069925,0.7476517687,0.1707317073,False
CN,47,GMR,0.5696124937,0.4594295699,-0.2982979815,1.4114863349,-1.1613319465,1.6768988633,0.8590785908,True
CN,47,Nash,-0.2103463351,-0.2230107690,-0.6324131623,0.2813972449,-0.8779425759,0.8156043131,0.1788617886,False
CN,47,SEQ,-0.2788510470,-0.2379173169,-1.1577193796,0.3942136883,-1.3884745669,0.8156043131,0.3224932249,False
CN,47,SMR,-0.5087997304,-0.7046956783,-1.6541031748,1.0803458075,-2.2571883015,1.2598218824,0.3468834688,False
CN,48,GMR,1.9178153000,2.0645492522,0.1013144340,3.5612050407,0.0078809075,4.0126357926,1.0000000000,True
CN,48,Nash,-0.0690209530,-0.2031670276,-0.7610364052,1.1964904936,-1.2617445938,1.5033067286,0.3224932249,False
CN,48,SEQ,-0.3724790861,-0.6597069552,-1.2122984764,1.1964904936,-1.5272619187,1.5033067286,0.3224932249,False
CN,48,SMR,0.6607542378,0.7040196400,0.0196659338,1.2775363970,-0.5893324261,1.5033067286,0.9566395664,True
CN,49,GMR,1.4445546404,1.5840248380,0.4238566018,1.9097403684,0.0102959651,2.1677035085,1.0000000000,True
CN,49,Nash,1.4180653729,1.5840248380,0.2199016170,1.9097403684,-0.2461438833,2.1677035085,0.9756097561,True
CN,49,SEQ,1.4142259598,1.5840248380,0.2199016170,1.9097403684,-0.5881347613,2.1677035085,0.9783197832,True
CN,49,SMR,1.4320044962,1.5840248380,0.3811869270,1.9097403684,0.0102959651,2.1677035085,1.0000000000,True
CN,50,GMR,0.6558984623,0.6759703663,-0.7800898008,1.9251090098,-1.8754998713,2.6341720876,0.8075880759,True
CN,50,Nash,-1.6829733379,-1.5857248421,-3.0186883860,-0.6851826766,-3.8206371297,0.2485482538,0.0054200542,False
CN,50,SEQ,-0.0800353768,-0.0475990381,-0.7800898008,0.5517972372,-1.8754998713,1.3440799631,0.4390243902,False
CN,50,SMR,0.1388135651,0.2098906602,-0.8572902302,0.8978222061,-1.8754998713,1.5501416765,0.6612466125,True
CN,51,GMR,0.5062565868,0.5338180058,0.0902101174,0.9041311710,-0.1209333412,1.1639337835,0.9891598916,True
CN,51,Nash,0.3329204264,0.4481969069,-0.6697928722,0.8566109655,-0.9674908182,1.1110541349,0.8292682927,True
CN,51,SEQ,0.2757658972,0.4481969069,-0.9903494698,0.8566109655,-1.3131649213,1.1110541349,0.8292682927,True
CN,51,SMR,0.4265304455,0.4738879403,-0.2443972533,0.8693746687,-0.6763819788,1.1110541349,0.9186991870,True
CN,52,GMR,0.3034035902,0.3415819082,-0.1849179051,0.6521733806,-0.4211173166,0.9608712046,0.8617886179,True
CN,52,Nash,0.2898823399,0.3415819082,-0.3328464259,0.6521733806,-0.5546602768,0.9608712046,0.8509485095,True
CN,52,SEQ,0.3034035902,0.3415819082,-0.1849179051,0.6521733806,-0.4211173166,0.9608712046,0.8617886179,True
CN,52,SMR,0.2384423160,0.3415819082,-0.6602637401,0.6521733806,-0.8246981975,0.9608712046,0.8509485095,True
CN,53,GMR,-0.8793181756,-0.8061997429,-1.9758885167,0.0187622119,-2.6420305197,1.2016821383,0.0569105691,False
CN,53,Nash,-1.0563872128,-0.9042844340,-2.1937642902,-0.3616609528,-3.1436164760,-0.2181133928,0.0000000000,False
CN,53,SEQ,-1.9047893815,-2.1237405245,-2.7070820006,-0.5483939983,-3.0041347162,-0.2339708951,0.0000000000,False
CN,53,SMR,-1.0943561870,-0.8358523292,-2.5676888886,-0.0313449684,-3.2169385540,0.5919007627,0.0487804878,False
CN,54,GMR,0.3212586274,0.3748747652,-0.1440910768,0.6272547873,-0.4333616690,0.8747233691,0.8699186992,True
CN,54,Nash,-1.0194707330,-1.0493944564,-1.2980901854,-0.6592610210,-1.4693715179,0.0479112914,0.0108401084,False
CN,54,SEQ,0.0873285337,0.1546349193,-0.5485715569,0.5952439489,-0.6121295193,0.7590135020,0.5934959350,True
CN,54,SMR,-1.3552720694,-1.4391301736,-2.1506527211,-0.4010523954,-2.4205180747,0.5255223079,0.0325203252,False
CN,55,GMR,-0.0784487320,-0.0881277169,-1.2964775673,1.1856851696,-1.6620609977,1.4882035999,0.4742547425,False
CN,55,Nash,-1.6130479616,-1.6327380323,-2.0622603318,-1.1096445711,-2.3099916068,-0.6066285317,0.0000000000,False
CN,55,SEQ,-0.2442887785,-0.1295284041,-1.2964775673,0.7115713276,-1.6620609977,0.8413457546,0.4336043360,False
CN,55,SMR,-1.5492432928,-1.6581385517,-2.1209501359,-0.7251437912,-2.4016173883,0.1633981439,0.0081300813,False
CN,56,GMR,-2.2580943450,-2.3433172274,-3.0990593293,-1.0543341135,-3.2877202926,-0.6222195029,0.0000000000,False
CN,56,Nash,-2.1296568573,-1.9322881473,-3.4960006106,-1.2811119597,-4.2828231501,-0.7108460130,0.0000000000,False
CN,56,SEQ,-2.2611911351,-2.3433172274,-3.0990593293,-1.1103212842,-3.2877202926,-0.6603818802,0.0000000000,False
CN,56,SMR,-2.6304943348,-2.7504539198,-3.6087953455,-1.2128728311,-3.8274256602,-0.6603818802,0.0000000000,False
CN,57,GMR,0.8722718907,0.9711283750,0.0365835851,1.7967403502,-1.5094173934,2.2439140205,0.9918699187,True
CN,57,Nash,-0.0526244432,-0.0838381835,-0.4047898360,0.3973384144,-0.5671181607,0.6780589679,0.3712737127,False
CN,57,SEQ,-1.1189737397,-1.4793386211,-2.5772717755,0.3973384144,-3.0916295865,0.6780589679,0.3712737127,False
CN,57,SMR,0.8295474209,0.9328269190,0.0309132974,1.7952116591,-3.3934410422,2.2439140205,0.9891598916,True
CN,58,GMR,1.4773618405,1.7072921693,0.0349072554,2.7677537195,-0.6401559206,3.2053424871,0.9810298103,True
CN,58,Nash,-0.3325005776,-0.2578213299,-1.2077578980,0.2365658871,-1.6923440860,0.4255124987,0.2276422764,False
CN,58,SEQ,0.7302365551,0.3442253319,-0.3361507253,2.1986108908,-0.6935905898,2.6567556771,0.8536585366,True
CN,58,SMR,1.3133998166,1.5413167448,0.0349072554,2.4619775993,-0.6401559206,3.0818373528,0.9810298103,True
CN,59,GMR,0.8886392502,0.6994504611,-0.2576868496,2.1634459250,-0.7993628143,2.3935227893,0.8943089431,True
CN,59,Nash,-0.4741649318,-0.4816942780,-0.7440580271,-0.1867290968,-0.8949739233,-0.0320277540,0.0000000000,False
CN,59,SEQ,-0.3037743307,-0.5211096244,-1.7076588734,1.3789562339,-2.1595241810,1.9955171501,0.2466124661,False
CN,59,SMR,0.5368482523,0.6247444958,-0.2576868496,0.9312540464,-0.7993628143,1.2173810319,0.8915989160,True
CN,60,GMR,0.0377840296,0.1502502321,-0.8535389409,0.4902422234,-1.4030281249,0.7940135820,0.7100271003,True
CN,60,Nash,-0.0761636607,0.0488742602,-1.0634033308,0.4790110999,-1.8115326595,0.5970740644,0.5609756098,True
CN,60,SEQ,-0.1330911856,0.0567168832,-1.0400717911,0.4790110999,-1.5133749555,0.5970740644,0.5745257453,True
CN,60,SMR,0.0265812443,0.1491558910,-0.9375119481,0.4902422234,-1.5000275170,0.7940135820,0.7073170732,True
CN,61,GMR,0.0421805862,-0.0146774854,-1.0650145635,1.4297874336,-1.2943762442,1.5980934622,0.4986449864,False
CN,61,Nash,-0.2748760899,-0.2231107337,-0.8401179824,0.1076041178,-0.9965350988,0.3960064015,0.1842818428,False
CN,61,SEQ,-0.2091231146,-0.1908038504,-1.0650145635,0.7456132256,-1.2943762442,1.1247462330,0.4092140921,False
CN,61,SMR,-0.5004710417,-0.5100624182,-1.2768781393,0.2110173295,-1.6039773563,1.1926566140,0.2411924119,False
CN,62,GMR,0.8229573511,0.8938138683,-0.5179843020,1.8947148097,-0.8789368055,2.3915850786,0.8861788618,True
CN,62,Nash,-0.4658633346,-0.5192830912,-0.7943769963,0.0079917843,-0.9192347106,0.1700105772,0.0542005420,False
CN,62,SEQ,0.2113029084,0.2895075285,-0.7053036774,1.0444012425,-0.8789368055,1.2274082319,0.6043360434,True
CN,62,SMR,0.2161150361,0.2563885765,-0.5414786863,0.7987427287,-0.8789368055,1.0824705566,0.7371273713,True
CN,63,GMR,0.4625626712,0.4298417063,-0.4178550703,1.4611467941,-1.6643206014,1.7386862008,0.9159891599,True
CN,63,Nash,-0.2927903519,-0.1587504173,-1.3196412231,0.2577806743,-1.5913267278,0.5021854358,0.2899728997,False
CN,63,SEQ,-0.3051296097,-0.1766239964,-1.2086191516,0.2707398410,-1.8363236739,0.5021854358,0.3739837398,False
CN,63,SMR,-0.1486888058,0.0678331118,-1.3215320046,0.7676141444,-1.9993122907,1.1037309538,0.5826558266,True
CN,64,GMR,-0.6110154293,-0.4700034118,-2.0132605397,0.2868469691,-2.2136662366,0.7693814945,0.1571815718,False
CN,64,Nash,-1.7546111371,-1.8566537301,-2.2253110019,-0.9571231697,-2.4532064496,-0.5371780534,0.0000000000,False
CN,64,SEQ,-1.9749388508,-2.0056493656,-2.7415601383,-1.2851166457,-3.0916295865,-0.8506490375,0.0000000000,False
CN,64,SMR,-0.8291545962,-0.6221589178,-2.6969021736,0.2868469691,-2.8347459418,0.7693814945,0.1192411924,False
CN,65,GMR,0.4035592161,0.3909404529,0.1825558953,0.6893033596,0.0647106819,0.8078301228,1.0000000000,True
CN,65,Nash,0.4035592161,0.3909404529,0.1825558953,0.6893033596,0.0647106819,0.8078301228,1.0000000000,True
CN,65,SEQ,0.4035592161,0.3909404529,0.1825558953,0.6893033596,0.0647106819,0.8078301228,1.0000000000,True
CN,65,SMR,0.4035592161,0.3909404529,0.1825558953,0.6893033596,0.0647106819,0.8078301228,1.0000000000,True
CN,66,GMR,0.0665875909,0.2011333290,-1.3458466360,0.6712820663,-1.7889517312,1.2704420321,0.8102981030,True
CN,66,Nash,0.0525368280,0.1217599889,-0.6971403133,0.4430754236,-1.1998717139,0.5808645600,0.6883468835,True
CN,66,SEQ,-0.1935628991,0.1217599889,-1.6610184024,0.4430754236,-1.9088234139,0.5808645600,0.6883468835,True
CN,66,SMR,0.0665875909,0.2011333290,-1.3458466360,0.6712820663,-1.7889517312,1.2704420321,0.8102981030,True
CN,67,GMR,1.0022268398,1.1598490414,0.0388653775,1.9026090292,0.0012968412,2.1792248873,1.0000000000,True
CN,67,Nash,-0.0464098630,-0.0774075423,-0.3430665745,0.3662039638,-0.4823847056,0.5954271789,0.3360433604,False
CN,67,SEQ,-1.2150213590,-1.5165484504,-2.5858253433,0.3662039638,-3.0916295865,0.5954271789,0.3360433604,False
CN,67,SMR,0.9752141124,1.1356525534,0.0388653775,1.8419829417,0.0012968412,2.0603754039,1.0000000000,True
CN,68,GMR,0.4773444343,0.4648249925,0.1400439208,0.8323596982,0.0171984845,1.2467839691,1.0000000000,True
CN,68,Nash,0.4701638569,0.4630278602,0.1345800930,0.8226885014,-0.1599938030,0.9866287807,0.9945799458,True
CN,68,SEQ,0.4745660129,0.4648249925,0.1400439208,0.8272043509,0.0171984845,0.9866287807,1.0000000000,True
CN,68,SMR,0.4715870315,0.4630278602,0.1374814787,0.8226885014,0.0171984845,0.9866287807,1.0000000000,True
CN,69,GMR,0.0438022970,0.1443370647,-1.4241029306,0.8868490887,-1.8687592155,1.3998717139,0.6856368564,True
CN,69,Nash,-0.2016232818,-0.3130906938,-0.9259629858,0.8748353836,-1.5072674410,1.3998717139,0.3062330623,False
CN,69,SEQ,-0.1895162634,-0.1168135076,-1.4356659367,0.8748353836,-1.8687592155,1.3998717139,0.4471544715,False
CN,69,SMR,0.0438022970,0.1443370647,-1.4241029306,0.8868490887,-1.8687592155,1.3998717139,0.6856368564,True
CN,70,GMR,1.1346360981,0.9670270014,0.0705407175,2.7190810619,-0.0281492139,3.3878815742,0.9972899729,True
CN,70,Nash,0.0226930985,-0.0826174627,-0.6211114883,0.9063626100,-0.8915892791,1.3372799927,0.4308943089,False
CN,70,SEQ,-0.7301381967,-1.0102676132,-2.4410503972,0.9063626100,-3.0916295865,1.3372799927,0.4308943089,False
CN,70,SMR,0.9974281749,0.9670270014,0.0705407175,2.0120094380,-0.0281492139,2.4705827992,0.9972899729,True
CN,71,GMR,1.0000000000,1.0000000000,1.0000000000,1.0000000000,1.0000000000,1.0000000000,1.0000000000,True
CN,71,Nash,1.0000000000,1.0000000000,1.0000000000,1.0000000000,1.0000000000,1.0000000000,1.0000000000,True
CN,71,SEQ,1.0000000000,1.0000000000,1.0000000000,1.0000000000,1.0000000000,1.0000000000,1.0000000000,True
CN,71,SMR,1.0000000000,1.0000000000,1.0000000000,1.0000000000,1.0000000000,1.0000000000,1.0000000000,True
CN,72,GMR,-0.2458047917,0.2468648316,-1.9749656183,0.9991812254,-2.6386204592,1.2720470757,0.6314363144,True
CN,72,Nash,0.0237188629,0.2468648316,-1.7278439960,0.9991812254,-2.5035056297,1.2720470757,0.6314363144,True
CN,72,SEQ,-0.2841555339,0.2468648316,-1.9749656183,0.9991812254,-2.6386204592,1.2720470757,0.6314363144,True
CN,72,SMR,-0.2461337741,0.2468648316,-1.9749656183,0.9991812254,-2.6386204592,1.2720470757,0.6314363144,True
CN,73,GMR,1.0000000000,1.0000000000,1.0000000000,1.0000000000,1.0000000000,1.0000000000,1.0000000000,True
CN,73,Nash,1.0000000000,1.0000000000,1.0000000000,1.0000000000,1.0000000000,1.0000000000,1.0000000000,True
CN,73,SEQ,1.0000000000,1.0000000000,1.0000000000,1.0000000000,1.0000000000,1.0000000000,1.0000000000,True
CN,73,SMR,1.0000000000,1.0000000000,1.0000000000,1.0000000000,1.0000000000,1.0000000000,1.0000000000,True
CN,74,GMR,1.5890790788,1.6729023182,1.0209044307,1.8672187512,0.4329057468,1.9242176054,1.0000000000,True
CN,74,Nash,1.5890790788,1.6729023182,1.0209044307,1.8672187512,0.4329057468,1.9242176054,1.0000000000,True
CN,74,SEQ,1.5890790788,1.6729023182,1.0209044307,1.8672187512,0.4329057468,1.9242176054,1.0000000000,True
CN,74,SMR,1.5890790788,1.6729023182,1.0209044307,1.8672187512,0.4329057468,1.9242176054,1.0000000000,True
CN,75,GMR,-1.1596977011,-1.6337731799,-2.5018842609,0.8196400741,-2.6756330283,1.4902271038,0.2493224932,False
CN,75,Nash,-0.6391484965,-0.6149583371,-1.1745022776,-0.1639093540,-1.5884785335,0.1412779512,0.0081300813,False
CN,75,SEQ,-1.5107897253,-1.7022846080,-2.5018842609,-0.1349923714,-2.6756330283,0.1412779512,0.0108401084,False
CN,75,SMR,-1.1606867579,-1.6337731799,-2.5018842609,0.8196400741,-2.6756330283,1.4902271038,0.2493224932,False
CN,76,GMR,0.3998732529,0.3615250184,0.1054241368,0.7541807878,0.0039518476,2.2278279355,1.0000000000,True
CN,76,Nash,0.3347584451,0.3452063613,0.0135028182,0.6250219533,-0.3300979916,0.8331109450,0.9539295393,True
CN,76,SEQ,0.2487152290,0.3452063613,0.0135028182,0.6250219533,-3.0157009214,0.8331109450,0.9539295393,True
CN,76,SMR,0.3991640781,0.3615250184,0.1054241368,0.7370116426,0.0039518476,2.2278279355,1.0000000000,True
US,1,GMR,1.2388908029,1.4515028268,0.0250464047,2.4132971104,0.0002028507,2.7055451372,1.0000000000,True
US,1,Nash,-0.1068559597,-0.1145721537,-0.3986785208,0.2309519289,-0.6540441808,0.4545858775,0.3224932249,False
US,1,SEQ,0.2698589204,0.2320482443,-0.3293213051,0.7905055093,-0.6900321387,1.1493112027,0.8617886179,True
US,1,SMR,0.3138836039,0.2846897604,0.0208737925,0.7532822345,-0.1866300156,0.8894357264,0.9918699187,True
US,2,GMR,-0.0436453679,-0.2463791726,-0.6160546362,0.8195964342,-0.8914013645,0.9785159166,0.3577235772,False
US,2,Nash,-1.5032672990,-1.5688678661,-2.1361313034,-0.7322729579,-2.2734990938,-0.5387529045,0.0000000000,False
US,2,SEQ,-0.6536263898,-0.7143763647,-1.0606635307,-0.1322783599,-1.2763574010,0.3431951366,0.0216802168,False
US,2,SMR,-0.5409689231,-0.7092310457,-1.1082624993,0.5237694171,-1.5075021388,0.7493405625,0.1680216802,False
US,3,GMR,1.3141377476,1.3232226491,0.7164842428,1.9189787702,0.2830744316,2.1576305641,1.0000000000,True
US,3,Nash,1.3141377476,1.3232226491,0.7164842428,1.9189787702,0.2830744316,2.1576305641,1.0000000000,True
US,3,SEQ,1.3141377476,1.3232226491,0.7164842428,1.9189787702,0.2830744316,2.1576305641,1.0000000000,True
US,3,SMR,1.3141377476,1.3232226491,0.7164842428,1.9189787702,0.2830744316,2.1576305641,1.0000000000,True
US,4,GMR,-0.8314806531,0.3154500203,-10.0000000000,0.5986785208,-10.0000000000,0.8540441808,0.8861788618,True
US,4,Nash,0.2912636070,0.3117772049,-0.1030301594,0.5986785208,-0.3814421426,0.8540441808,0.8807588076,True
US,4,SEQ,-0.8349466116,0.3145721537,-10.0000000000,0.5986785208,-10.0000000000,0.8540441808,0.8834688347,True
US,4,SMR,-0.8314806531,0.3154500203,-10.0000000000,0.5986785208,-10.0000000000,0.8540441808,0.8861788618,True
US,5,GMR,0.0462404756,0.5651908723,-1.5310816318,0.8726594919,-1.7172385061,1.1648045618,0.7127371274,True
US,5,Nash,0.3768962500,0.5651908723,-0.3998555079,0.8726594919,-0.5535621741,1.1648045618,0.7100271003,True
US,5,SEQ,0.0462404756,0.5651908723,-1.5310816318,0.8726594919,-1.7172385061,1.1648045618,0.7127371274,True
US,5,SMR,-0.0901375908,0.5651908723,-1.9951384416,0.8726594919,-2.2562654507,1.1648045618,0.7100271003,True
US,6,GMR,-0.6695860625,-1.0777765524,-1.7932602003,1.6518589213,-2.1315871547,1.8415654745,0.2276422764,False
US,6,Nash,-1.9241839123,-2.3098772334,-2.6731908482,-0.4480632675,-2.7298660603,-0.1922971586,0.0000000000,False
US,6,SEQ,-1.0504964062,-1.5679998817,-1.9858900840,1.3770453112,-2.1315871547,1.7166436399,0.2113821138,False
US,6,SMR,-0.7749009245,-1.2410299369,-1.9380281759,1.6518589213,-2.1315871547,1.8415654745,0.2276422764,False
US,7,GMR,1.1584119642,1.1803983812,0.6418665633,1.5963761889,0.1709366793,1.7103814726,1.0000000000,True
US,7,Nash,-0.6862947927,-0.6725807565,-1.0667769237,-0.3720403596,-1.3107092928,-0.2233802131,0.0000000000,False
US,7,SEQ,-0.0563038997,-0.4095782196,-1.0484903377,1.4810693955,-1.4179250374,1.6992279197,0.3766937669,False
US,7,SMR,1.1560492880,1.1711557855,0.6418665633,1.5927051055,0.1709366793,1.7103814726,1.0000000000,True
US,8,GMR,0.8740178188,0.8752936869,0.4974422041,1.2483513347,0.0088081746,1.5046403832,1.0000000000,True
US,8,Nash,-0.9180467226,-0.9785761183,-1.4719841782,-0.1605445805,-1.9712231186,0.2652019429,0.0216802168,False
US,8,SEQ,-0.2428263910,-0.4696733483,-0.9260295934,0.7414874320,-1.0556688006,0.9583276995,0.3414634146,False
US,8,SMR,0.8685586009,0.8752936869,0.4974422041,1.2209751791,0.0088081746,1.4224002691,1.0000000000,True
US,9,GMR,1.1204363829,1.1785761183,0.3780827382,1.6719841782,0.0515517997,2.1712231186,1.0000000000,True
US,9,Nash,1.1180467226,1.1785761183,0.3605445805,1.6719841782,-0.0652019429,2.1712231186,0.9972899729,True
US,9,SEQ,1.1159942079,1.1785761183,0.3605445805,1.6719841782,-0.8225798785,2.1712231186,0.9972899729,True
US,9,SMR,1.1204363829,1.1785761183,0.3780827382,1.6719841782,0.0515517997,2.1712231186,1.0000000000,True
US,10,GMR,0.8911997329,0.6334946991,0.0068411955,2.0509153643,-0.6327386086,2.3317580726,0.9512195122,True
US,10,Nash,-0.1623260937,-0.1403286898,-0.8335796902,0.4289863509,-1.4854327075,0.5872025705,0.3414634146,False
US,10,SEQ,0.3543072613,0.2452267633,-0.4835551227,1.4336100136,-0.7694187467,1.7199502304,0.7696476965,True
US,10,SMR,0.5026047583,0.3335753156,-0.4345914069,1.5039878036,-1.0450858609,1.8144887520,0.8346883469,True
US,11,GMR,-1.9398880237,0.1027445983,-10.0000000000,2.1882717172,-10.0000000000,2.4343576462,0.7533875339,True
US,11,Nash,-0.0275345194,-0.0114419720,-0.3325176156,0.1938308694,-0.7414591003,0.3707290449,0.4661246612,False
US,11,SEQ,-2.3737099945,0.0427521539,-10.0000000000,0.5828850400,-10.0000000000,1.7590764939,0.6314363144,True
US,11,SMR,-2.1473754521,0.0893178938,-10.0000000000,1.6617372706,-10.0000000000,2.2913680999,0.7289972900,True
US,12,GMR,-10.0000000000,-10.0000000000,-10.0000000000,-10.0000000000,-10.0000000000,-10.0000000000,0.0000000000,False
US,12,Nash,-0.6336287730,-0.5648683045,-1.2375894246,-0.1950935508,-1.8718250289,-0.1255139677,0.0000000000,False
US,12,SEQ,-10.0000000000,-10.0000000000,-10.0000000000,-10.0000000000,-10.0000000000,-10.0000000000,0.0000000000,False
US,12,SMR,-10.0000000000,-10.0000000000,-10.0000000000,-10.0000000000,-10.0000000000,-10.0000000000,0.0000000000,False
US,13,GMR,-1.8758798722,0.2772013335,-10.0000000000,0.9132685587,-10.0000000000,1.2629961969,0.7560975610,True
US,13,Nash,0.0830417623,0.0336454011,-0.5171312869,0.7994158660,-0.9035201914,1.1417060721,0.5582655827,True
US,13,SEQ,-1.9571435552,0.1934923650,-10.0000000000,0.8191226947,-10.0000000000,1.1417060721,0.6991869919,True
US,13,SMR,-1.8840965554,0.2626098745,-10.0000000000,0.9132685587,-10.0000000000,1.1470941757,0.7533875339,True
US,14,GMR,0.1976313781,0.0061479437,-1.1663365488,1.8016509382,-1.5105410274,2.0776906105,0.5040650407,True
US,14,Nash,-0.5713941711,-0.6600755554,-0.9911012045,0.0040198247,-1.2143135388,0.0544601951,0.0542005420,False
US,14,SEQ,-0.3920876013,-0.4610852400,-1.3838746152,1.4214539932,-1.6160790490,2.0776906105,0.2411924119,False
US,14,SMR,0.0089023217,-0.2927748326,-1.2315149205,1.6820481003,-1.5105410274,2.0776906105,0.4010840108,False
US,15,GMR,0.5607062119,0.3984552623,0.0289466484,1.7185765840,0.0001395343,1.9969676147,1.0000000000,True
US,15,Nash,0.1698619407,0.1569661596,-0.3112842731,0.6436200187,-0.7026224183,1.0050811114,0.7154471545,True
US,15,SEQ,0.4291047777,0.3409794770,0.0037883944,1.5917816972,-0.9671345796,1.9660534087,0.9620596206,True
US,15,SMR,0.5514585263,0.3955175943,0.0275161139,1.7097745364,-0.1823413954,1.9969676147,0.9972899729,True
US,16,GMR,0.2482631856,0.1988436976,-0.6271838728,1.4003640011,-1.2269489084,2.4130866777,0.7994579946,True
US,16,Nash,0.0301380593,0.0430338404,-0.4436200187,0.5112842731,-0.8050811114,0.9026224183,0.5447154472,True
US,16,SEQ,-0.0474281463,0.0891653460,-0.8647564107,0.5229606765,-1.2269489084,0.9026224183,0.6287262873,True
US,16,SMR,0.1268372407,0.1507994713,-0.6701623010,0.7839357182,-1.2269489084,1.8785763186,0.7344173442,True
US,17,GMR,1.2322881511,1.2969290301,0.2984479530,1.8536832956,0.0013290469,2.1170142670,1.0000000000,True
US,17,Nash,-1.5629328419,-2.0403924063,-2.5148166518,0.3072210915,-2.8725091980,0.5112028982,0.1029810298,False
US,17,SEQ,-0.5344592319,-0.7285745416,-1.5955842200,0.8936900874,-1.7485859883,1.4619606934,0.3794037940,False
US,17,SMR,0.7115955441,0.7082053927,0.1271164046,1.2767637999,-0.4854256544,1.8487273181,0.9864498645,True
US,18,GMR,-0.3318514448,-0.4524081782,-1.1168717549,0.7170896731,-1.5709660936,1.1424498004,0.2276422764,False
US,18,Nash,-2.7576759217,-3.0843770665,-3.7176247110,-0.9768778816,-3.9426561083,-0.6899589408,0.0000000000,False
US,18,SEQ,-1.3022641859,-1.4070397670,-1.6384851196,-0.5670982387,-1.7485859883,-0.0988199556,0.0000000000,False
US,18,SMR,-0.6475284846,-0.7223398078,-1.3828895023,0.2300937650,-1.7400349232,0.5176695354,0.1571815718,False
US,19,GMR,0.3328662301,0.3075542659,-0.4749498833,1.1690688867,-1.5435242680,1.5134779547,0.7940379404,True
US,19,Nash,-2.4257128365,-2.9116981154,-3.4904164567,-0.2907297300,-3.6904930170,-0.0510421108,0.0000000000,False
US,19,SEQ,-1.0669363337,-1.3450303717,-1.6353029452,0.2822821306,-1.7485859883,0.6359761518,0.1138211382,False
US,19,SMR,-0.0535151357,-0.0240993881,-0.5406267198,0.3617723868,-1.5435242680,0.5698799046,0.4607046070,False
US,20,GMR,-0.5353719146,1.8290129213,-10.0000000000,2.3080659938,-10.0000000000,2.6323811170,0.7940379404,True
US,20,Nash,-1.1482526905,-1.3478519154,-1.7149772922,-0.2612251675,-1.9476372515,-0.1311483367,0.0000000000,False
US,20,SEQ,-1.5017650405,0.4373913196,-10.0000000000,1.7720905793,-10.0000000000,2.2947145146,0.6856368564,True
US,20,SMR,-0.6571938164,1.7701312533,-10.0000000000,2.2857360285,-10.0000000000,2.6323811170,0.7940379404,True
US,21,GMR,1.7085829573,1.8435541846,0.6622564894,2.3792354514,0.3533993647,2.6536093530,1.0000000000,True
US,21,Nash,1.7085829573,1.8435541846,0.6622564894,2.3792354514,0.3533993647,2.6536093530,1.0000000000,True
US,21,SEQ,1.7085829573,1.8435541846,0.6622564894,2.3792354514,0.3533993647,2.6536093530,1.0000000000,True
US,21,SMR,1.7085829573,1.8435541846,0.6622564894,2.3792354514,0.3533993647,2.6536093530,1.0000000000,True
US,22,GMR,1.2014349223,1.2081439245,0.8011022997,1.6851582297,0.3552144333,1.9172851352,1.0000000000,True
US,22,Nash,-1.5085829573,-1.6435541846,-2.1792354514,-0.4622564894,-2.4536093530,-0.1533993647,0.0000000000,False
US,22,SEQ,-0.0840941530,-0.1249816637,-0.5713555742,0.5293357839,-0.9181697170,1.6985071980,0.3739837398,False
US,22,SMR,0.9371877034,1.1962185351,-0.1000624931,1.6851582297,-0.2777970836,1.9172851352,0.8807588076,True
US,23,GMR,0.8193266723,0.8439137275,0.1364312828,1.1713602631,0.0004220923,1.6608495085,1.0000000000,True
US,23,Nash,-0.6837839528,-0.8212623783,-1.0841787761,-0.0022392267,-1.2697786977,0.1088919077,0.0487804878,False
US,23,SEQ,-0.2356055974,-0.4554917639,-1.0100145624,0.9333347445,-1.3071337067,1.0794644659,0.3252032520,False
US,23,SMR,0.8179854185,0.8439137275,0.1364312828,1.1632062780,0.0004220923,1.5768769003,1.0000000000,True
US,24,GMR,0.4932498787,0.5802624529,-0.2974046426,1.2991576049,-0.7536737695,1.6234277664,0.6964769648,True
US,24,Nash,-1.0221518059,-1.0238695976,-1.5824129515,-0.3917295313,-1.8910730601,0.1933530592,0.0054200542,False
US,24,SEQ,-0.7673354778,-0.7748720397,-1.1782317226,-0.3162665817,-1.4079572915,0.1933530592,0.0054200542,False
US,24,SMR,0.4872081746,0.5802624529,-0.2974046426,1.2645508869,-0.7536737695,1.5036296081,0.6964769648,True
US,25,GMR,1.2221107580,1.2238695976,0.5917295313,1.7824129515,0.0066469408,2.0910730601,1.0000000000,True
US,25,Nash,1.2221107580,1.2238695976,0.5917295313,1.7824129515,0.0066469408,2.0910730601,1.0000000000,True
US,25,SEQ,1.2221107580,1.2238695976,0.5917295313,1.7824129515,0.0066469408,2.0910730601,1.0000000000,True
US,25,SMR,1.2221107580,1.2238695976,0.5917295313,1.7824129515,0.0066469408,2.0910730601,1.0000000000,True
US,26,GMR,1.1742538278,1.2274801936,0.5341909191,1.7053912148,-0.1126215144,1.9836991532,0.9945799458,True
US,26,Nash,-0.9352028465,-0.8172841378,-1.8573748903,-0.3469727622,-2.5640925066,-0.0691105871,0.0000000000,False
US,26,SEQ,-0.5206424898,-0.5460314717,-0.9891117557,0.0221423062,-1.2317726444,0.5816008311,0.0650406504,False
US,26,SMR,0.7485448435,0.7110586780,-0.0241628422,1.4845157337,-0.6569849010,1.9096263133,0.9430894309,True
US,27,GMR,0.9627226558,0.9980245805,0.0633929963,1.6101146437,-0.2528581744,1.8364783260,0.9864498645,True
US,27,Nash,-1.0275833757,-1.2714469333,-1.6231235683,0.0224097084,-1.8604108947,0.1722521276,0.0623306233,False
US,27,SEQ,-0.3652157699,-0.4221281360,-1.0113470424,0.3933759167,-1.2394315165,1.0392410231,0.2655826558,False
US,27,SMR,0.4264912318,0.2214070961,-0.3048740336,1.3403440792,-0.7664194019,1.5905290336,0.7831978320,True
US,28,GMR,1.4615551487,1.2760394232,0.0781194221,2.9241962811,0.0007814162,3.1576917670,1.0000000000,True
US,28,Nash,-0.2959685944,-0.3112646742,-1.0692878424,0.5177967539,-1.7353308677,0.8051242148,0.2899728997,False
US,28,SEQ,0.1241787243,0.1227975689,-0.3868556869,0.6235093039,-0.8662179612,0.9620691798,0.6883468835,True
US,28,SMR,1.0072266813,0.9665554880,0.0483560735,2.1074082141,-0.2094920698,2.3191523108,0.9837398374,True
US,29,GMR,0.8270632294,0.7000141541,0.0935178991,2.0035056067,0.0112513549,2.2163588621,1.0000000000,True
US,29,Nash,0.4813643267,0.5008132785,-0.3430024799,1.2591652468,-0.9997661764,1.9353308677,0.8373983740,True
US,29,SEQ,0.4678887937,0.5143493780,-0.6099637320,1.2591652468,-1.1882618954,1.9353308677,0.8726287263,True
US,29,SMR,0.8203205953,0.6940325431,0.0935178991,1.9958181730,0.0112513549,2.2163588621,1.0000000000,True
US,30,GMR,0.2621216850,-0.0147358122,-0.4752037956,1.5867727868,-0.6419140605,1.6665695221,0.4986449864,False
US,30,Nash,-1.5528922797,-2.0077547951,-2.3852024134,0.1099956662,-2.4933753812,0.2625593332,0.0867208672,False
US,30,SEQ,-0.3403172273,-0.3860768820,-0.7106199974,0.1733531796,-0.9247971682,1.0029504345,0.1355013550,False
US,30,SMR,-0.0511515025,-0.2764346961,-0.6117116163,0.9737607418,-0.8237245051,1.0462196602,0.3495934959,False
US,31,GMR,1.7713015259,2.1894341419,0.2227233460,2.5852024134,0.0028792280,2.6933753812,1.0000000000,True
US,31,Nash,1.7351436938,2.1894341419,0.0134637002,2.5852024134,-0.2886930316,2.6933753812,0.9539295393,True
US,31,SEQ,1.7536211109,2.1894341419,0.1503181735,2.5852024134,-0.1145864276,2.6933753812,0.9918699187,True
US,31,SMR,1.7713015259,2.1894341419,0.2227233460,2.5852024134,0.0028792280,2.6933753812,1.0000000000,True
US,32,GMR,0.1169324164,-0.1445797580,-0.7750681534,1.4672557712,-1.0237770795,1.6451902909,0.4444444444,False
US,32,Nash,-1.7323424824,-2.0978841874,-2.7735441045,0.0495485827,-3.0021619644,0.4886930316,0.0704607046,False
US,32,SEQ,-0.4393192759,-0.4751068323,-0.9086304018,0.1463807157,-1.1605237064,0.6662935385,0.1165311653,False
US,32,SMR,-0.2176221122,-0.3946796445,-0.9627114135,0.7658488483,-1.1605237064,0.8797251075,0.3224932249,False
US,33,GMR,0.4037650855,0.4047342407,0.0355084886,0.7686028467,-0.1769463799,1.1178992594,0.9918699187,True
US,33,Nash,0.3316514383,0.3608766891,-0.1795416852,0.7612417624,-0.4283609284,0.9210175984,0.8346883469,True
US,33,SEQ,0.3584095903,0.3679453791,-0.1423970564,0.7686028467,-0.5047567861,1.1178992594,0.9105691057,True
US,33,SMR,0.3832282764,0.4017502032,0.0225138628,0.7612417624,-1.0982821363,0.9210175984,0.9674796748,True
US,34,GMR,-0.2844884490,-0.3861421129,-1.0565401640,0.5883954247,-1.4616448431,0.8471058315,0.3306233062,False
US,34,Nash,-0.5350980198,-0.5146382419,-0.9737731113,-0.1767282477,-1.3179506664,-0.0306360210,0.0000000000,False
US,34,SEQ,-0.4111326693,-0.4730552726,-1.0717040636,0.3418751481,-1.4616448431,0.6049590107,0.2411924119,False
US,34,SMR,-1.0996735059,-1.2814658884,-2.0160211044,0.1635758364,-2.7220246219,0.4698024993,0.0867208672,False
US,35,GMR,0.5960672575,0.5719148717,0.2225810365,1.0287736781,0.0138887638,1.3040312297,1.0000000000,True
US,35,Nash,0.5960672575,0.5719148717,0.2225810365,1.0287736781,0.0138887638,1.3040312297,1.0000000000,True
US,35,SEQ,0.5960672575,0.5719148717,0.2225810365,1.0287736781,0.0138887638,1.3040312297,1.0000000000,True
US,35,SMR,0.5960672575,0.5719148717,0.2225810365,1.0287736781,0.0138887638,1.3040312297,1.0000000000,True
US,36,GMR,-1.6977717416,-1.7057786790,-2.3351165485,-0.9756420801,-2.8578077719,-0.7273710326,0.0000000000,False
US,36,Nash,-1.4780528521,-1.5406319140,-1.9092388286,-0.8510873919,-2.2515026023,-0.7002573526,0.0000000000,False
US,36,SEQ,-1.6977717416,-1.7057786790,-2.3351165485,-0.9756420801,-2.8578077719,-0.7273710326,0.0000000000,False
US,36,SMR,-2.8267728094,-3.0145894096,-3.5886427253,-1.6002358644,-3.7578180922,-1.3079439902,0.0000000000,False
US,37,GMR,0.0953432002,0.2302017539,-0.5867208975,0.4911847625,-0.6947703038,1.1453848405,0.7018970190,True
US,37,Nash,0.1220049342,0.1988028787,-0.3031543967,0.4589441273,-0.4891601242,0.6400418777,0.6612466125,True
US,37,SEQ,0.0718186644,0.2302017539,-0.6895361024,0.4901735111,-0.8797658574,1.1453848405,0.7018970190,True
US,37,SMR,-0.3591783043,0.1988028787,-1.8572715031,0.4589441273,-2.1524710808,0.6400418777,0.6612466125,True
US,38,GMR,-1.4676846415,-1.9135487316,-2.4367222254,0.0733471369,-2.5480052432,0.3185189322,0.0867208672,False
US,38,Nash,-0.5528213744,-0.6507667751,-0.9797377489,0.0733471369,-1.1409302406,0.3185189322,0.0785907859,False
US,38,SEQ,-1.4721195011,-1.9135487316,-2.4367222254,0.0733471369,-2.5480052432,0.3185189322,0.0867208672,False
US,38,SMR,-1.8385150554,-2.0498532791,-2.4451217702,0.0733471369,-2.5480052432,0.3185189322,0.0785907859,False
US,39,GMR,-1.3832558704,-1.9159103005,-2.3917239022,0.3080157383,-2.4966137974,0.5727479951,0.2520325203,False
US,39,Nash,-0.4721740424,-0.5994539905,-0.7796915050,0.0974859810,-0.9704841388,0.1533689191,0.1002710027,False
US,39,SEQ,-1.3950074613,-1.9159103005,-2.3917239022,0.3080157383,-2.4966137974,0.5727479951,0.2357723577,False
US,39,SMR,-1.3836655067,-1.9159103005,-2.3917239022,0.3080157383,-2.4966137974,0.5727479951,0.2520325203,False
US,40,GMR,-0.6074500095,0.0025295345,-1.8418666599,0.3155279708,-1.9555450815,0.4634964906,0.5040650407,True
US,40,Nash,-0.0843337721,-0.0794715164,-0.3487466328,0.1614439992,-0.5515511783,0.4058342419,0.2791327913,False
US,40,SEQ,-0.7972680406,-1.0886412661,-1.8795226021,0.2784721530,-2.2023830278,0.4634964906,0.3983739837,False
US,40,SMR,-0.6074500095,0.0025295345,-1.8418666599,0.3155279708,-1.9555450815,0.4634964906,0.5040650407,True
US,41,GMR,0.2648926617,0.2745528392,0.0385560008,0.5487466328,-1.0424132229,0.7515511783,0.9783197832,True
US,41,Nash,0.2832169972,0.2745528392,0.0385560008,0.5487466328,-0.2058342419,0.7515511783,0.9783197832,True
US,41,SEQ,0.2634658572,0.2745528392,0.0385560008,0.5487466328,-1.2413642320,0.7515511783,0.9783197832,True
US,41,SMR,0.2613430060,0.2745528392,0.0385560008,0.5487466328,-1.5491476338,0.7515511783,0.9783197832,True
US,42,GMR,-0.9236301414,-1.4050703254,-2.0657675159,0.7824062437,-2.4453044873,1.1877680000,0.2845528455,False
US,42,Nash,-2.1795232975,-2.2181851577,-3.1744534574,-1.2185517822,-3.6423449014,-0.8186673079,0.0000000000,False
US,42,SEQ,-1.2311244848,-1.4377063419,-2.0657675159,-0.0406994228,-2.4453044873,0.3193253667,0.0406504065,False
US,42,SMR,-1.4172138234,-1.7560320448,-2.6694881285,0.4608324551,-3.2778483498,0.8976292564,0.1273712737,False
US,43,GMR,1.4535270423,1.4405717023,0.9188249614,2.1153298480,0.4520381776,2.4828523824,1.0000000000,True
US,43,Nash,1.4535270423,1.4405717023,0.9188249614,2.1153298480,0.4520381776,2.4828523824,1.0000000000,True
US,43,SEQ,1.4535270423,1.4405717023,0.9188249614,2.1153298480,0.4520381776,2.4828523824,1.0000000000,True
US,43,SMR,1.4535270423,1.4405717023,0.9188249614,2.1153298480,0.4520381776,2.4828523824,1.0000000000,True
US,44,GMR,0.5428891472,0.5362128972,0.0701780605,1.0320232503,-0.1562570785,1.2933875298,0.9891598916,True
US,44,Nash,0.4979777854,0.5021047255,-0.0509282752,1.0281641468,-0.5126055281,1.2933875298,0.9295392954,True
US,44,SEQ,0.4896018214,0.5028667003,-0.0270692061,1.0281641468,-1.1348143579,1.2933875298,0.9485094851,True
US,44,SMR,0.5067401133,0.5323354484,0.0232338175,1.0281641468,-1.1023030709,1.2933875298,0.9647696477,True
US,45,GMR,-0.1603912325,-0.5774109175,-1.3388626179,1.6547052253,-2.5272471305,1.8513495132,0.3631436314,False
US,45,Nash,-1.2917181204,-1.6457332114,-1.9264380383,-0.0208998970,-2.0393927980,0.1669403575,0.0352303523,False
US,45,SEQ,-0.9493874758,-1.2082068894,-1.6244752263,0.3267276981,-2.5272471305,0.8852082657,0.1436314363,False
US,45,SMR,-0.7393138266,-1.0471488719,-1.8416719897,1.3809128756,-2.5272471305,1.8153976738,0.2520325203,False
US,46,GMR,0.3704831681,0.1560756540,-0.4875578627,1.7719176948,-0.8362350012,2.4400768979,0.7073170732,True
US,46,Nash,-0.5726745277,-0.7138207696,-1.1710638757,0.1938804066,-1.3568485788,0.3197772476,0.2086720867,False
US,46,SEQ,-0.5103838455,-0.5872812695,-1.3579718717,0.2851344547,-1.6157642196,0.7472262130,0.3387533875,False
US,46,SMR,0.2072783932,0.0644702122,-0.4875578627,1.6404195364,-0.8362350012,1.9404411438,0.5799457995,True
US,47,GMR,0.7574740744,0.7235957634,0.0703314602,1.5994717646,0.0021092600,1.8502562174,1.0000000000,True
US,47,Nash,0.3504809364,0.3761694396,-0.3976339139,1.0729197089,-0.7168705937,1.3398182487,0.7506775068,True
US,47,SEQ,0.4450346234,0.4727867477,-0.2511371529,1.0915543182,-1.5033067286,1.3398182487,0.9078590786,True
US,47,SMR,0.7561743170,0.7235957634,0.0703314602,1.5994717646,0.0021092600,1.7787394121,1.0000000000,True
US,48,GMR,0.5894935029,0.4140452691,-0.1359284360,2.1702440347,-0.7179504517,2.3792228511,0.9268292683,True
US,48,Nash,-0.1688383842,-0.1904497425,-0.8729197089,0.5677624553,-1.1398182487,0.9168705937,0.3577235772,False
US,48,SEQ,0.1396247283,0.1544537830,-0.3197814835,0.5889839816,-0.8547287292,0.9168705937,0.7344173442,True
US,48,SMR,0.4384543037,0.3494118292,-0.1630851314,1.5850631084,-0.7179504517,1.8301018023,0.9024390244,True
US,49,GMR,-0.4528887765,-0.5355401809,-0.8164218581,0.1215760803,-0.9164322273,0.2380088226,0.0921409214,False
US,49,Nash,-1.7859096440,-2.2774693519,-2.6820211475,0.0643024604,-2.9198261331,0.2380088226,0.0596205962,False
US,49,SEQ,-0.5374233971,-0.6018786765,-0.8612642500,0.0923097619,-1.1110541349,0.2380088226,0.0704607046,False
US,49,SMR,-0.5740840336,-0.6196559087,-0.8367829022,0.0643024604,-1.1914561319,0.2380088226,0.0596205962,False
US,50,GMR,0.6574974664,0.5952089249,0.1658230433,1.2937865066,-0.6094658800,2.7356605090,0.9972899729,True
US,50,Nash,0.5464814239,0.5403059819,0.0251510877,1.0156771717,-0.5048697813,1.5452369803,0.9539295393,True
US,50,SEQ,0.5974673154,0.5952089249,0.1658230433,1.0715883489,-0.6094658800,1.5452369803,0.9972899729,True
US,50,SMR,0.6188715465,0.5952089249,0.1658230433,1.2490955430,-0.6094658800,1.7851451775,0.9972899729,True
US,51,GMR,0.7190657299,0.9160429185,-0.3859725371,1.6110574829,-0.6471058315,1.8241000600,0.7669376694,True
US,51,Nash,-1.3441736746,-1.5405867178,-2.1001251932,-0.1355546919,-2.3268202075,0.2293214580,0.0189701897,False
US,51,SEQ,0.4685980665,0.6059941173,-0.4203510993,1.1805185082,-0.6575472884,1.4142519331,0.7425474255,True
US,51,SMR,-0.1094410902,-0.0464190576,-0.7378722671,0.5571086887,-0.8391390665,0.9266173791,0.4688346883,False
US,52,GMR,1.4029780780,1.9871424262,-0.5222386607,2.2040459200,-0.7758412478,2.2914614946,0.8644986450,True
US,52,Nash,-0.7781689382,-0.8439248915,-1.3601829212,-0.0634552433,-1.6816367438,0.0586400943,0.0054200542,False
US,52,SEQ,0.6032732148,0.8409779813,-0.7016593856,1.2656092933,-1.8730721076,1.4142519331,0.8157181572,True
US,52,SMR,0.4458480961,0.6834524540,-0.5417906219,1.1579588442,-0.7758412478,1.3005286068,0.6910569106,True
US,53,GMR,0.5561721282,0.9964496859,-1.0890618974,1.7967265006,-1.2451775229,2.1743478972,0.6802168022,True
US,53,Nash,-1.6466218250,-1.6888727766,-2.1242601837,-1.0084799974,-2.2556072664,-0.8130594876,0.0000000000,False
US,53,SEQ,0.2826850568,0.7230895280,-1.0890618974,1.1936622713,-1.2451775229,1.3507843953,0.6666666667,True
US,53,SMR,-0.4236015595,-0.2988151050,-1.5505769147,0.7970169231,-1.8002806411,1.0429192003,0.3495934959,False
US,54,GMR,1.8428320269,2.7095708986,-0.4276970265,3.6360086769,-0.7397738604,3.8869806880,0.8102981030,True
US,54,Nash,-0.3725201990,-0.3813263087,-0.8156771717,0.1293730500,-1.3452369803,0.4644273788,0.0975609756,False
US,54,SEQ,0.9590415389,0.9971744962,-0.4583050696,2.5613117784,-0.7397738604,3.1276627684,0.7940379404,True
US,54,SMR,0.7176914447,1.1144171479,-0.8451464484,1.9612998606,-0.9489887538,2.3746675820,0.6991869919,True
US,55,GMR,0.1790515424,0.2003202320,-0.1885556738,0.4400977619,-0.4032301619,0.5422561284,0.8536585366,True
US,55,Nash,-0.8891373697,-1.3140941473,-1.5213029274,0.4144368482,-1.5955048719,0.5422561284,0.2195121951,False
US,55,SEQ,-1.6251486011,-2.1035320691,-3.2258350184,0.4144368482,-3.3508642196,0.5422561284,0.2547425474,False
US,55,SMR,0.1789978129,0.2003202320,-0.1885556738,0.4400977619,-0.4032301619,0.5422561284,0.8536585366,True
US,56,GMR,0.5255914334,0.6073290567,-0.5567257638,1.3929220727,-1.0055440858,1.7741106030,0.7750677507,True
US,56,Nash,-0.6883159794,-0.6839968569,-1.0675001339,-0.3682154208,-1.3781605871,-0.0237731126,0.0000000000,False
US,56,SEQ,-1.4778841660,-1.8396183203,-2.7120532965,0.0417865074,-2.9553287611,0.2756678730,0.0785907859,False
US,56,SMR,0.5181322739,0.6004155746,-0.5567257638,1.3677846219,-1.0055440858,1.4682763612,0.7750677507,True
US,57,GMR,0.8527851373,0.8484201856,0.5059146824,1.2675001339,0.2237731126,1.5781605871,1.0000000000,True
US,57,Nash,0.8527851373,0.8484201856,0.5059146824,1.2675001339,0.2237731126,1.5781605871,1.0000000000,True
US,57,SEQ,0.8527851373,0.8484201856,0.5059146824,1.2675001339,0.2237731126,1.5781605871,1.0000000000,True
US,57,SMR,0.8527851373,0.8484201856,0.5059146824,1.2675001339,0.2237731126,1.5781605871,1.0000000000,True
US,58,GMR,0.8564138197,0.7896794304,0.1298324118,1.5861907156,-0.5146060707,1.7729878495,0.9674796748,True
US,58,Nash,-1.2020196989,-1.3553343042,-1.7391958863,-0.3546649907,-2.0248819805,-0.0888764338,0.0000000000,False
US,58,SEQ,0.0111266269,-0.0490119803,-0.4672523634,0.6341380939,-0.5970740644,1.3428444044,0.4417344173,False
US,58,SMR,0.6078052197,0.4303223135,-0.1212627973,1.5664968059,-0.5146060707,1.7270859061,0.9105691057,True
US,59,GMR,1.3116233777,1.3567694845,0.3513672173,2.1212644508,0.0228470923,2.4918016331,1.0000000000,True
US,59,Nash,-0.6601226809,-0.9671299057,-1.8374846977,0.9184413727,-2.1229214020,1.2880108335,0.2872628726,False
US,59,SEQ,0.2530025189,0.1927756027,-0.4531295327,1.1279144026,-0.5970740644,1.5979986334,0.6124661247,True
US,59,SMR,1.0944018504,1.1435855863,0.1260784714,2.0219969621,-0.4959923127,2.4399733919,0.9756097561,True
US,60,GMR,1.2402956184,1.5391132854,0.1497624004,1.9149790778,0.0053983582,2.2248819805,1.0000000000,True
US,60,Nash,1.2219394999,1.5391132854,-0.0409727652,1.9149790778,-0.2171614046,2.2248819805,0.9349593496,True
US,60,SEQ,1.2081357092,1.5391132854,-0.1998648550,1.9149790778,-0.5207666581,2.2248819805,0.9349593496,True
US,60,SMR,1.2394767412,1.5391132854,0.1468101173,1.9149790778,0.0053983582,2.2248819805,1.0000000000,True
US,61,GMR,0.2609544971,0.2129671412,-0.3352156714,1.0111584067,-0.5508263961,1.5878406139,0.7967479675,True
US,61,Nash,-1.7393235201,-2.0598769687,-2.7656001644,-0.1274938613,-3.0385321161,0.3867446085,0.0216802168,False
US,61,SEQ,-0.3947752845,-0.4701153907,-0.8610453702,0.3148674112,-1.0270222668,1.2379373252,0.1680216802,False
US,61,SMR,-0.3728009418,-0.3656435093,-1.2335011919,0.3736307929,-1.9220858084,1.0995759301,0.2493224932,False
US,62,GMR,-0.3746394156,-0.5916766599,-1.1271337764,0.9695019321,-1.2511791250,2.1160697471,0.2520325203,False
US,62,Nash,-0.8250025779,-0.9270695764,-1.4154616384,-0.0935899661,-1.6934055247,0.0179094324,0.0135501355,False
US,62,SEQ,-0.8108743121,-1.0126632096,-1.6065451864,0.7900706622,-1.8128225420,1.3463922705,0.1382113821,False
US,62,SMR,-0.6226515451,-0.9025583606,-1.5611299125,0.9695019321,-1.7350681686,1.3463922705,0.2520325203,False
US,63,GMR,0.6226612018,0.6189135971,0.0634847839,1.1940606682,-0.3273153654,1.4064699110,0.9864498645,True
US,63,Nash,0.5008538993,0.5266575575,-0.2122771021,1.1697846592,-0.5913250206,1.3884745669,0.8509485095,True
US,63,SEQ,0.5783338874,0.6118740046,0.0095092067,1.1940606682,-1.3173984112,1.4064699110,0.9566395664,True
US,63,SMR,0.6226612018,0.6189135971,0.0634847839,1.1940606682,-0.3273153654,1.4064699110,0.9864498645,True
US,64,GMR,0.1432621426,0.0238653377,-0.6627787853,1.9089701589,-0.9520329325,2.1676445179,0.5311653117,True
US,64,Nash,-0.3008538993,-0.3266575575,-0.9697846592,0.4122771021,-1.1884745669,0.7913250206,0.2710027100,False
US,64,SEQ,-0.2544445390,-0.2843669784,-0.9077132258,0.4225248798,-1.2199205293,0.7913250206,0.3279132791,False
US,64,SMR,-0.2364753179,-0.2740170066,-1.0416482488,0.6345672033,-1.2490879255,0.9430053088,0.3875338753,False
US,65,GMR,-2.2416998479,-3.0175970558,-3.6503513215,0.3421568734,-4.1091243036,0.7690843082,0.1300813008,False
US,65,Nash,-0.7571912130,-0.8479476379,-1.2216611681,-0.1299870477,-1.4398236030,0.0493690861,0.0081300813,False
US,65,SEQ,-2.2691878753,-3.0175970558,-3.6503513215,0.1365101660,-4.1091243036,0.4257085048,0.1138211382,False
US,65,SMR,-2.2416998479,-3.0175970558,-3.6503513215,0.3421568734,-4.1091243036,0.7690843082,0.1300813008,False
US,66,GMR,-2.5299183889,-3.1642208517,-3.7980672565,-0.1603694435,-4.1242642018,0.2585934420,0.0243902439,False
US,66,Nash,-1.0511668325,-1.0417206787,-1.6186078530,-0.5945413047,-1.8932517873,-0.1262066848,0.0000000000,False
US,66,SEQ,-2.5578667804,-3.1642208517,-3.7980672565,-0.3929318132,-4.1242642018,-0.1142096035,0.0000000000,False
US,66,SMR,-2.5299183889,-3.1642208517,-3.7980672565,-0.1603694435,-4.1242642018,0.2585934420,0.0243902439,False
US,67,GMR,1.2511668325,1.2417206787,0.7945413047,1.8186078530,0.3262066848,2.0932517873,1.0000000000,True
US,67,Nash,1.2511668325,1.2417206787,0.7945413047,1.8186078530,0.3262066848,2.0932517873,1.0000000000,True
US,67,SEQ,1.2511668325,1.2417206787,0.7945413047,1.8186078530,0.3262066848,2.0932517873,1.0000000000,True
US,67,SMR,1.2511668325,1.2417206787,0.7945413047,1.8186078530,0.3262066848,2.0932517873,1.0000000000,True
US,68,GMR,0.1249588409,0.1547900342,-1.3310629690,1.7472078759,-1.5473767335,2.2812654793,0.6775067751,True
US,68,Nash,-0.8977683485,-1.2175087664,-1.6406684457,0.2463488925,-1.7473267522,0.3829926589,0.2249322493,False
US,68,SEQ,-0.2009180887,0.0193010014,-1.3320287235,0.6138472245,-1.5473767335,1.0020365413,0.5203252033,True
US,68,SMR,-0.6012116916,-0.8451590722,-1.3351364929,0.3759657529,-1.5473767335,0.9123188884,0.3197831978,False
US,69,GMR,1.2077159313,1.3691970985,0.1284260613,1.8928501483,-0.1025452360,2.2839503245,0.9972899729,True
US,69,Nash,1.0165421904,1.3137436990,-0.2923490393,1.8354657012,-0.6028164327,1.9473267522,0.8563685637,True
US,69,SEQ,0.9901998067,1.3137436990,-0.4642636608,1.8354657012,-1.2310766108,1.9473267522,0.8563685637,True
US,69,SMR,1.1650413275,1.3216674641,0.1284260613,1.8354657012,-0.1025452360,1.9473267522,0.9972899729,True
US,70,GMR,0.4710992068,0.3397151628,-0.4076320108,1.8675480042,-0.7650248620,2.1706968892,0.7886178862,True
US,70,Nash,-0.9315764388,-1.1668262705,-1.8055535364,0.4295323064,-2.0819961598,0.8028164327,0.1571815718,False
US,70,SEQ,0.0140783016,0.0747946115,-0.8806590942,0.6863387106,-1.3998717139,1.0954017104,0.5826558266,True
US,70,SMR,-0.5907378367,-0.9295926409,-1.2545890713,0.5804787249,-1.4942485430,0.8546316885,0.2926829268,False
US,71,GMR,-10.0000000000,-10.0000000000,-10.0000000000,-10.0000000000,-10.0000000000,-10.0000000000,0.0000000000,False
US,71,Nash,-2.1510711397,-2.3157442205,-2.9277916805,-1.0096939849,-3.0665848554,-0.6840298919,0.0000000000,False
US,71,SEQ,-10.0000000000,-10.0000000000,-10.0000000000,-10.0000000000,-10.0000000000,-10.0000000000,0.0000000000,False
US,71,SMR,-10.0000000000,-10.0000000000,-10.0000000000,-10.0000000000,-10.0000000000,-10.0000000000,0.0000000000,False
US,72,GMR,-10.0000000000,-10.0000000000,-10.0000000000,-10.0000000000,-10.0000000000,-10.0000000000,0.0000000000,False
US,72,Nash,-1.7824139462,-1.8164573021,-2.5729317446,-1.0465600328,-2.8916295865,-0.6506490375,0.0000000000,False
US,72,SEQ,-10.0000000000,-10.0000000000,-10.0000000000,-10.0000000000,-10.0000000000,-10.0000000000,0.0000000000,False
US,72,SMR,-10.0000000000,-10.0000000000,-10.0000000000,-10.0000000000,-10.0000000000,-10.0000000000,0.0000000000,False
US,73,GMR,1.9824139462,2.0164573021,1.2465600328,2.7729317446,0.8506490375,3.0916295865,1.0000000000,True
US,73,Nash,1.9824139462,2.0164573021,1.2465600328,2.7729317446,0.8506490375,3.0916295865,1.0000000000,True
US,73,SEQ,1.9824139462,2.0164573021,1.2465600328,2.7729317446,0.8506490375,3.0916295865,1.0000000000,True
US,73,SMR,1.9824139462,2.0164573021,1.2465600328,2.7729317446,0.8506490375,3.0916295865,1.0000000000,True
US,74,GMR,-2.2073848900,-2.8249194706,-3.4157362121,0.0429595393,-3.7662045412,0.2457556978,0.0623306233,False
US,74,Nash,-1.6163954263,-2.0266573426,-2.5280875677,-0.0823484478,-2.8424815231,0.2457556978,0.0325203252,False
US,74,SEQ,-2.2317431571,-2.8249194706,-3.4157362121,-0.1617169247,-3.7662045412,0.2457556978,0.0379403794,False
US,74,SMR,-2.2073848900,-2.8249194706,-3.4157362121,0.0429595393,-3.7662045412,0.2457556978,0.0623306233,False
US,75,GMR,-1.6611159125,-1.8024136932,-2.5845869969,-0.4810330665,-3.0621532289,-0.1223605424,0.0000000000,False
US,75,Nash,-1.0771115104,-1.0581800102,-1.7609159605,-0.5027277201,-2.2244525465,-0.1682109830,0.0000000000,False
US,75,SEQ,-1.9144173552,-1.8425227725,-2.5845869969,-1.3440902706,-3.0621532289,-0.4779299158,0.0000000000,False
US,75,SMR,-1.6611159125,-1.8024136932,-2.5845869969,-0.4810330665,-3.0621532289,-0.1223605424,0.0000000000,False
US,76,GMR,1.2754638510,1.2581800102,0.6923830621,1.9609159605,0.3682109830,2.4244525465,1.0000000000,True
US,76,Nash,1.2754638510,1.2581800102,0.6923830621,1.9609159605,0.3682109830,2.4244525465,1.0000000000,True
US,76,SEQ,1.2754638510,1.2581800102,0.6923830621,1.9609159605,0.3682109830,2.4244525465,1.0000000000,True
US,76,SMR,1.2754638510,1.2581800102,0.6923830621,1.9609159605,0.3682109830,2.4244525465,1.0000000000,True
