seed,changed_positive_rate,changed_mean_probability,stay_seq_rate,stay_nash_rate,stay_gmr_rate,stay_smr_rate
20250101,1.0,0.428880219084834,0.44,0.36,0.6,0.52
20250102,1.0,0.4493787034605632,0.52,0.36,0.64,0.44
20250103,1.0,0.4442565632334016,0.56,0.32,0.64,0.36
20250104,1.0,0.4426422878200361,0.44,0.28,0.6,0.4
20250105,1.0,0.43184211650986964,0.48,0.32,0.64,0.48
20250106,1.0,0.4410933207592128,0.48,0.44,0.64,0.56
20250107,1.0,0.4321802889618482,0.48,0.32,0.6,0.44
20250108,1.0,0.5012513237797905,0.52,0.48,0.6,0.52
20250109,1.0,0.5176254841231,0.56,0.44,0.68,0.6
20250110,1.0,0.44775822134539606,0.48,0.4,0.64,0.56
20250111,1.0,0.45187529624228995,0.52,0.32,0.68,0.48
20250112,1.0,0.4140264971867493,0.48,0.32,0.64,0.48
20250113,1.0,0.433172150428137,0.52,0.44,0.6,0.56
20250114,1.0,0.5133975033115407,0.52,0.48,0.64,0.56
20250115,1.0,0.4630481785929304,0.44,0.44,0.64,0.44
20250116,1.0,0.42610859428305903,0.48,0.36,0.68,0.56
20250117,1.0,0.41974911602684,0.4,0.32,0.56,0.48
20250118,1.0,0.4137611724817949,0.52,0.28,0.6,0.48
20250119,1.0,0.4708030695079912,0.56,0.52,0.76,0.68
20250120,1.0,0.507029740599489,0.64,0.52,0.68,0.6
20250121,1.0,0.4374841848111774,0.52,0.36,0.64,0.56
20250122,1.0,0.4528910805240137,0.48,0.4,0.68,0.6
20250123,1.0,0.4493546067771989,0.56,0.36,0.64,0.48
20250124,1.0,0.4217118599779207,0.4,0.24,0.56,0.36
20250125,1.0,0.46017965497299146,0.56,0.36,0.68,0.44
20250126,1.0,0.4396065527048551,0.56,0.36,0.68,0.56
20250127,1.0,0.4315022062838043,0.52,0.32,0.68,0.44
20250128,1.0,0.4746809622604244,0.52,0.48,0.68,0.6
20250129,1.0,0.4375158106930445,0.48,0.36,0.56,0.48
20250130,1.0,0.4332809539109093,0.72,0.6,0.84,0.72
20250131,1.0,0.4306482814638804,0.56,0.4,0.72,0.52
20250132,1.0,0.41832374216053714,0.56,0.32,0.68,0.52
20250133,1.0,0.4378938887688841,0.4,0.28,0.52,0.44
20250134,1.0,0.4551114722283852,0.44,0.32,0.64,0.4
20250135,1.0,0.4959944765426613,0.48,0.44,0.64,0.52
20250136,1.0,0.4213530607420939,0.68,0.56,0.84,0.72
20250137,1.0,0.49197094699181254,0.52,0.44,0.64,0.52
20250138,1.0,0.44766259252545154,0.56,0.32,0.64,0.44
20250139,1.0,0.43142728077580395,0.48,0.36,0.64,0.52
20250140,1.0,0.426165332737137,0.52,0.36,0.6,0.4
20250141,1.0,0.49200025383091844,0.64,0.56,0.72,0.64
20250142,1.0,0.4359805962321584,0.44,0.32,0.6,0.4
20250143,1.0,0.4379828977049931,0.44,0.32,0.56,0.44
20250144,1.0,0.5024652181352252,0.6,0.52,0.68,0.64
20250145,1.0,0.4099440178950383,0.68,0.44,0.76,0.6
20250146,1.0,0.4071461957452346,0.72,0.48,0.8,0.56
20250147,1.0,0.44554035360634303,0.44,0.32,0.6,0.52
20250148,1.0,0.4247919734690944,0.52,0.44,0.68,0.6
20250149,1.0,0.4280056818652799,0.4,0.28,0.6,0.36
20250150,1.0,0.4826092287145743,0.52,0.44,0.64,0.56
20250151,1.0,0.419219934793194,0.48,0.4,0.64,0.52
20250152,1.0,0.4867925161345708,0.56,0.52,0.68,0.64
20250153,1.0,0.5025192538310006,0.64,0.56,0.68,0.64
20250154,1.0,0.45021985493886396,0.6,0.44,0.72,0.56
20250155,1.0,0.41725471855398627,0.68,0.4,0.8,0.6
20250156,1.0,0.4299126133794837,0.48,0.24,0.56,0.44
20250157,1.0,0.434645183800181,0.52,0.36,0.64,0.48
20250158,1.0,0.4529898695565098,0.56,0.36,0.64,0.56
20250159,1.0,0.45087652057501626,0.56,0.36,0.68,0.52
20250160,1.0,0.4150859495481201,0.52,0.36,0.68,0.56
20250161,1.0,0.457717235926914,0.6,0.4,0.64,0.52
20250162,1.0,0.5086120621694061,0.64,0.48,0.72,0.6
20250163,1.0,0.4238337851687756,0.4,0.32,0.52,0.36
20250164,1.0,0.42246628485532195,0.48,0.36,0.64,0.44
20250165,1.0,0.43893262407666217,0.52,0.44,0.68,0.6
20250166,1.0,0.4451620186844579,0.52,0.32,0.6,0.44
20250167,1.0,0.4400875262613819,0.48,0.36,0.68,0.44
20250168,1.0,0.427563291337823,0.44,0.36,0.6,0.48
20250169,1.0,0.4326654898587616,0.64,0.4,0.76,0.56
20250170,1.0,0.4216280772057559,0.44,0.32,0.68,0.48
20250171,1.0,0.45703018442178056,0.48,0.4,0.6,0.48
20250172,1.0,0.43603729720083684,0.48,0.36,0.68,0.52
20250173,1.0,0.5053539269269998,0.48,0.44,0.56,0.48
20250174,1.0,0.5253963017323049,0.6,0.4,0.64,0.48
20250175,1.0,0.45965513415757564,0.52,0.36,0.64,0.48
20250176,1.0,0.5219456544567813,0.56,0.48,0.6,0.56
20250177,1.0,0.48595644891982626,0.64,0.52,0.68,0.64
20250178,1.0,0.4630012040593465,0.52,0.4,0.6,0.52
20250179,1.0,0.48967468791665125,0.64,0.6,0.72,0.68
20250180,1.0,0.4346541024222585,0.48,0.36,0.6,0.48
20250181,1.0,0.4209127065203884,0.48,0.4,0.64,0.52
20250182,1.0,0.4261762514320489,0.48,0.36,0.68,0.48
20250183,1.0,0.47854855954783365,0.6,0.52,0.68,0.6
20250184,1.0,0.44098961571724815,0.6,0.4,0.72,0.48
20250185,1.0,0.517230333642698,0.48,0.48,0.64,0.6
20250186,1.0,0.44338801506943654,0.48,0.36,0.68,0.52
20250187,1.0,0.4208082751978354,0.48,0.4,0.6,0.48
20250188,1.0,0.4306554524116717,0.56,0.4,0.64,0.52
20250189,1.0,0.4610526666761041,0.48,0.36,0.6,0.52
20250190,1.0,0.5107975656339764,0.52,0.48,0.64,0.56
20250191,1.0,0.42275801761442805,0.48,0.24,0.6,0.36
20250192,1.0,0.4437175123705478,0.52,0.36,0.68,0.48
20250193,1.0,0.4518644630009113,0.52,0.4,0.64,0.48
20250194,1.0,0.42757284994118316,0.48,0.36,0.64,0.6
20250195,1.0,0.4909643087279912,0.6,0.52,0.68,0.6
20250196,1.0,0.4927484042117946,0.56,0.48,0.64,0.56
20250197,1.0,0.5037813360574007,0.6,0.48,0.68,0.6
20250198,1.0,0.44592111865883466,0.48,0.36,0.68,0.44
20250201,1.0,0.4181656868250073,0.44,0.32,0.64,0.44
20250202,1.0,0.4338152267448724,0.48,0.36,0.6,0.48
20250203,1.0,0.41175552835436874,0.48,0.36,0.64,0.48
20250204,1.0,0.41185246953822324,0.48,0.32,0.68,0.44
20250205,1.0,0.4491660639399942,0.56,0.4,0.64,0.48
20250206,1.0,0.42277454930129077,0.44,0.32,0.6,0.36
20250207,1.0,0.48908653759844295,0.52,0.48,0.64,0.6
20250208,1.0,0.5177506175043485,0.52,0.44,0.6,0.52
20250209,1.0,0.42639296252648384,0.36,0.2,0.52,0.24
20250210,1.0,0.5202989789065634,0.56,0.48,0.6,0.52
20250211,1.0,0.44783423760489094,0.56,0.4,0.64,0.48
20250212,1.0,0.49131548415780074,0.6,0.48,0.68,0.6
20250213,1.0,0.43244209025154895,0.52,0.36,0.68,0.52
20250214,1.0,0.3935029774221857,0.44,0.28,0.72,0.36
20250215,1.0,0.4072751185191503,0.6,0.4,0.72,0.48
20250216,1.0,0.44967809916631335,0.4,0.28,0.6,0.4
20250217,1.0,0.4860857154971796,0.52,0.44,0.6,0.56
20250218,1.0,0.4409261950926218,0.56,0.32,0.76,0.48
20250219,1.0,0.4184652736376158,0.48,0.36,0.6,0.4
20250220,1.0,0.49802146305318723,0.6,0.4,0.68,0.6
20250221,1.0,0.4502472820962625,0.48,0.32,0.64,0.48
20250222,1.0,0.4840176560345841,0.56,0.48,0.64,0.56
20250223,1.0,0.4849329612948549,0.6,0.48,0.64,0.56
20250224,1.0,0.43721109813455494,0.52,0.4,0.6,0.48
20250225,1.0,0.4951465897791008,0.56,0.44,0.64,0.48
20250226,1.0,0.43020134365211393,0.36,0.28,0.56,0.32
20250227,1.0,0.5137474781358535,0.52,0.44,0.6,0.52
20250228,1.0,0.4942456533367807,0.48,0.48,0.6,0.56
20250229,1.0,0.4285331951186888,0.56,0.44,0.68,0.52
20250230,1.0,0.4743148870849687,0.44,0.36,0.6,0.4
20250231,1.0,0.43956376601033825,0.44,0.32,0.64,0.4
20250232,1.0,0.4275378605437036,0.52,0.36,0.64,0.52
20250233,1.0,0.5151452766722466,0.56,0.52,0.64,0.6
20250234,1.0,0.41837440699628364,0.64,0.52,0.76,0.64
20250235,1.0,0.4658872060343326,0.6,0.36,0.8,0.56
20250236,1.0,0.4610168734131132,0.56,0.32,0.64,0.56
20250237,1.0,0.4908454714198731,0.64,0.52,0.68,0.64
20250238,1.0,0.4234681326968545,0.56,0.36,0.72,0.52
20250239,1.0,0.4289958160341678,0.4,0.32,0.56,0.4
20250240,1.0,0.5106295044299408,0.56,0.52,0.64,0.56
20250241,1.0,0.5077942613175651,0.64,0.48,0.68,0.6
20250242,1.0,0.4661260702678305,0.4,0.4,0.56,0.44
20250243,1.0,0.48141371116417414,0.44,0.4,0.52,0.44
20250244,1.0,0.4046707931876862,0.36,0.28,0.6,0.36
20250245,1.0,0.5137012517233789,0.52,0.48,0.68,0.6
20250246,1.0,0.417945529386685,0.36,0.28,0.56,0.36
20250247,1.0,0.4900993595531631,0.6,0.52,0.72,0.68
20250248,1.0,0.41379672804911094,0.44,0.32,0.56,0.44
20250249,1.0,0.4034521782269739,0.36,0.32,0.56,0.44
20250250,1.0,0.48234823350136674,0.6,0.56,0.72,0.68
20250251,1.0,0.5210162848792073,0.4,0.4,0.52,0.44
20250252,1.0,0.5333908723346064,0.48,0.4,0.56,0.52
20250253,1.0,0.447169837262341,0.56,0.4,0.68,0.52
20250254,1.0,0.4034569033281415,0.68,0.48,0.84,0.6
20250255,1.0,0.44347760837838357,0.52,0.32,0.64,0.4
20250256,1.0,0.43833209232454107,0.44,0.32,0.68,0.52
20250257,1.0,0.43531939408865755,0.48,0.44,0.6,0.52
20250258,1.0,0.4298694131917911,0.52,0.36,0.68,0.56
20250259,1.0,0.4464586665405488,0.56,0.36,0.64,0.6
20250260,1.0,0.4155094812956752,0.52,0.36,0.6,0.44
20250261,1.0,0.4263824911729831,0.52,0.36,0.64,0.48
20250262,1.0,0.449896310581334,0.52,0.4,0.68,0.6
20250263,1.0,0.4597266500578207,0.48,0.4,0.64,0.52
20250264,1.0,0.4351892119471674,0.52,0.36,0.64,0.56
20250265,1.0,0.4429069332405694,0.48,0.32,0.64,0.56
20250266,1.0,0.4301431214165968,0.56,0.44,0.72,0.56
20250267,1.0,0.42589567237982684,0.44,0.36,0.6,0.52
20250268,1.0,0.415057490482779,0.36,0.28,0.64,0.4
20250269,1.0,0.4493209122097755,0.48,0.36,0.64,0.48
20250270,1.0,0.4295986175004815,0.56,0.4,0.68,0.44
20250271,1.0,0.42921534582955856,0.4,0.24,0.52,0.4
20250272,1.0,0.4521970289222991,0.48,0.36,0.64,0.52
20250273,1.0,0.4514675563415984,0.48,0.36,0.56,0.4
20250274,1.0,0.4261900411355267,0.48,0.32,0.64,0.52
20250275,1.0,0.5030012134244641,0.6,0.44,0.72,0.52
20250276,1.0,0.49344720663391345,0.64,0.52,0.76,0.68
20250277,1.0,0.4384313966734607,0.48,0.4,0.64,0.48
20250278,1.0,0.5036683925584808,0.6,0.48,0.64,0.56
20250279,1.0,0.46374917863632026,0.52,0.44,0.6,0.52
20250280,1.0,0.4775476870057776,0.64,0.48,0.72,0.64
20250281,1.0,0.4847016250883595,0.56,0.48,0.64,0.56
20250282,1.0,0.4687828585685308,0.52,0.44,0.68,0.48
20250283,1.0,0.45149980800130424,0.52,0.4,0.68,0.6
20250284,1.0,0.45345066185802696,0.56,0.52,0.64,0.64
20250285,1.0,0.4401679256759529,0.6,0.44,0.68,0.52
20250286,1.0,0.4381953482806868,0.44,0.4,0.56,0.52
20250287,1.0,0.4640482570152141,0.72,0.6,0.8,0.72
20250288,1.0,0.4358024995079269,0.48,0.36,0.64,0.48
20250289,1.0,0.4615641342740186,0.52,0.32,0.64,0.48
20250290,1.0,0.5183231471957835,0.64,0.52,0.64,0.56
20250291,1.0,0.41244482552194844,0.68,0.44,0.8,0.64
20250292,1.0,0.4235956476047868,0.44,0.36,0.56,0.48
20250293,1.0,0.49395661512718103,0.56,0.52,0.68,0.56
20250294,1.0,0.42721468503708343,0.52,0.36,0.68,0.6
20250295,1.0,0.4385923548468531,0.52,0.32,0.68,0.48
20250296,1.0,0.4412397948726063,0.48,0.36,0.68,0.56
20250297,1.0,0.5190068352273364,0.52,0.44,0.6,0.6
20250298,1.0,0.5051398583157348,0.6,0.52,0.68,0.64
20250301,1.0,0.43402023044230237,0.48,0.36,0.64,0.48
20250302,1.0,0.471263078189072,0.56,0.44,0.72,0.6
20250303,1.0,0.5223400911246542,0.48,0.48,0.56,0.52
20250304,1.0,0.5079842229245062,0.48,0.44,0.56,0.52
20250305,1.0,0.48830984888669066,0.64,0.56,0.72,0.68
20250306,1.0,0.4689135154616316,0.56,0.44,0.68,0.6
20250307,1.0,0.4433612771168481,0.48,0.28,0.6,0.44
20250308,1.0,0.43135005099823953,0.48,0.36,0.64,0.52
20250309,1.0,0.4354275317958832,0.64,0.32,0.72,0.52
20250310,1.0,0.477226977879187,0.6,0.56,0.68,0.64
20250311,1.0,0.440874222190742,0.44,0.28,0.64,0.48
20250312,1.0,0.4351712607667379,0.56,0.4,0.68,0.48
20250313,1.0,0.4336091851152592,0.48,0.36,0.6,0.48
20250314,1.0,0.44592795281114417,0.52,0.36,0.64,0.44
20250315,1.0,0.43344751968650763,0.52,0.32,0.52,0.44
20250316,1.0,0.4298520777550838,0.44,0.36,0.64,0.48
20250317,1.0,0.4242141875203245,0.52,0.32,0.68,0.56
20250318,1.0,0.5101349981649178,0.64,0.52,0.72,0.68
20250319,1.0,0.48997575497132284,0.64,0.6,0.68,0.64
20250320,1.0,0.502630171134964,0.6,0.48,0.64,0.56
20250321,1.0,0.42419690107113833,0.48,0.36,0.6,0.44
20250322,1.0,0.437162241673937,0.36,0.2,0.48,0.28
20250323,1.0,0.43717268168997214,0.48,0.36,0.56,0.48
20250324,1.0,0.441936561481054,0.36,0.2,0.48,0.32
20250325,1.0,0.47338333513219444,0.64,0.56,0.76,0.68
20250326,1.0,0.43336483473649423,0.48,0.32,0.6,0.48
20250327,1.0,0.44466393745865374,0.48,0.36,0.68,0.52
20250328,1.0,0.4611681988862307,0.6,0.56,0.72,0.64
20250329,1.0,0.41824061147335345,0.36,0.32,0.56,0.4
20250330,1.0,0.5102902051344019,0.64,0.48,0.68,0.6
20250331,1.0,0.45667616224082225,0.56,0.24,0.68,0.44
20250332,1.0,0.42352262909674515,0.44,0.24,0.56,0.4
20250333,1.0,0.4419114186314623,0.44,0.28,0.52,0.36
20250401,1.0,0.4827627528378074,0.44,0.36,0.56,0.52
20250402,1.0,0.4298434704405201,0.4,0.2,0.52,0.36
20250403,1.0,0.45024200574977213,0.52,0.44,0.68,0.6
20250404,1.0,0.4239742136297368,0.56,0.36,0.68,0.44
20250405,1.0,0.4347435252723027,0.4,0.24,0.6,0.36
20250406,1.0,0.5276837062930789,0.68,0.44,0.76,0.6
20250407,1.0,0.43601547114616435,0.6,0.48,0.72,0.56
20250408,1.0,0.48004784846700055,0.44,0.4,0.52,0.44
20250409,1.0,0.43384122185462376,0.48,0.36,0.52,0.44
20250410,1.0,0.4458217699743642,0.44,0.36,0.52,0.44
20250411,1.0,0.4370328076907098,0.4,0.32,0.56,0.44
20250412,1.0,0.5003811733605686,0.56,0.48,0.68,0.52
20250413,1.0,0.44151837067753785,0.36,0.28,0.6,0.36
20250414,1.0,0.4894905346885168,0.6,0.48,0.64,0.6
20250415,1.0,0.43038084914681546,0.52,0.4,0.64,0.48
20250416,1.0,0.4257840471607336,0.56,0.36,0.72,0.56
20250417,1.0,0.43658637606573963,0.48,0.36,0.68,0.52
20250418,1.0,0.43520935895171003,0.44,0.36,0.64,0.48
20250419,1.0,0.4374284017552577,0.52,0.36,0.68,0.56
20250420,1.0,0.4746881701899044,0.48,0.48,0.56,0.48
20250421,1.0,0.4162142742230728,0.48,0.36,0.64,0.56
20250422,1.0,0.4960802517803803,0.6,0.4,0.68,0.56
20250423,1.0,0.5049014482220103,0.52,0.48,0.6,0.56
20250424,1.0,0.4487870166683782,0.48,0.32,0.64,0.52
20250425,1.0,0.518392551754139,0.6,0.56,0.68,0.68
20250426,1.0,0.4183179981982127,0.44,0.32,0.68,0.44
20250427,1.0,0.4342512275580665,0.52,0.36,0.64,0.52
20250428,1.0,0.4216054618456431,0.48,0.4,0.68,0.56
20250429,1.0,0.5059058196957053,0.68,0.56,0.76,0.6
20250430,1.0,0.4271126538251839,0.52,0.36,0.68,0.48
20250501,1.0,0.4276043198889346,0.48,0.36,0.6,0.48
20250502,1.0,0.5020105822013464,0.56,0.48,0.64,0.56
20250503,1.0,0.442695209988184,0.48,0.36,0.68,0.52
20250504,1.0,0.5206989887725835,0.48,0.4,0.56,0.48
20250505,1.0,0.43449877610365123,0.52,0.36,0.64,0.48
20250506,1.0,0.42979201411604023,0.52,0.32,0.6,0.52
20250507,1.0,0.4189408487371147,0.68,0.44,0.8,0.56
20250508,1.0,0.4357194322214898,0.48,0.32,0.68,0.44
20250509,1.0,0.4401760623887394,0.48,0.32,0.64,0.4
20250510,1.0,0.4889676376830339,0.52,0.48,0.64,0.6
20250511,1.0,0.4090828818431575,0.4,0.24,0.6,0.48
20250512,1.0,0.42826632864285713,0.48,0.32,0.64,0.48
20250513,1.0,0.4966879182357463,0.56,0.52,0.72,0.68
20250514,1.0,0.4481177286728526,0.56,0.44,0.68,0.56
20250515,1.0,0.4425139414711856,0.44,0.28,0.68,0.4
20250516,1.0,0.48749310953062447,0.56,0.52,0.68,0.64
20250517,1.0,0.45471427830767924,0.52,0.44,0.68,0.64
20250518,1.0,0.48665767179569497,0.6,0.6,0.76,0.68
20250519,1.0,0.5037879860818647,0.56,0.44,0.64,0.6
20250520,1.0,0.43448233035201494,0.48,0.36,0.64,0.48
20250521,1.0,0.4618474720716557,0.48,0.36,0.6,0.44
20250522,1.0,0.4210014059419303,0.48,0.36,0.6,0.44
20250523,1.0,0.399649466732477,0.68,0.48,0.84,0.76
20250524,1.0,0.48771740508994765,0.64,0.52,0.72,0.64
20250525,1.0,0.43775359085392773,0.4,0.32,0.6,0.4
20250526,1.0,0.41610877648850353,0.52,0.32,0.68,0.48
20250527,1.0,0.40150975858431787,0.6,0.44,0.8,0.56
20250528,1.0,0.49287504681106414,0.6,0.48,0.64,0.6
20250529,1.0,0.4326911905578061,0.48,0.4,0.6,0.52
20250530,1.0,0.4185561006544392,0.44,0.4,0.64,0.6
20250601,1.0,0.42586854150785225,0.48,0.36,0.6,0.44
20250602,1.0,0.5044926484962585,0.64,0.56,0.76,0.72
20250603,1.0,0.44149757239379467,0.44,0.28,0.64,0.48
20250604,1.0,0.43585345660430747,0.48,0.36,0.68,0.6
20250605,1.0,0.4412122247814528,0.56,0.36,0.68,0.52
20250606,1.0,0.47893363146350865,0.56,0.52,0.64,0.64
20250607,1.0,0.4069560281519683,0.4,0.32,0.52,0.44
20250608,1.0,0.5018093798400611,0.56,0.52,0.68,0.56
20250609,1.0,0.5089264058349673,0.56,0.48,0.64,0.6
20250610,1.0,0.42875121528256666,0.48,0.36,0.64,0.56
20250611,1.0,0.5085762269327607,0.6,0.48,0.72,0.6
20250612,1.0,0.42501285199059813,0.48,0.32,0.6,0.48
20250613,1.0,0.4435481883383799,0.44,0.28,0.6,0.48
20250614,1.0,0.5127191122951301,0.6,0.44,0.76,0.64
20250615,1.0,0.41917471655046407,0.44,0.28,0.6,0.44
20250616,1.0,0.4649529120504205,0.44,0.32,0.64,0.48
20250617,1.0,0.45395090458883425,0.44,0.4,0.6,0.44
20250618,1.0,0.45357733027562097,0.48,0.32,0.68,0.52
20250619,1.0,0.4437654691835223,0.48,0.36,0.6,0.48
20250620,1.0,0.5248852629070895,0.52,0.4,0.56,0.48
20250621,1.0,0.4546546058126998,0.48,0.36,0.6,0.44
20250622,1.0,0.4530905961579869,0.44,0.28,0.6,0.4
20250623,1.0,0.413433034366877,0.64,0.4,0.72,0.56
20250624,1.0,0.42171350102826344,0.6,0.36,0.76,0.52
20250625,1.0,0.4271147093193489,0.52,0.4,0.72,0.6
20250626,1.0,0.4813929974490096,0.52,0.52,0.6,0.56
20250627,1.0,0.43359743069195117,0.52,0.28,0.68,0.4
20250628,1.0,0.4893636944125143,0.52,0.52,0.64,0.6
20250629,1.0,0.4175164214624539,0.32,0.28,0.56,0.36
20250630,1.0,0.4966782700031431,0.52,0.44,0.68,0.56
20250701,1.0,0.4326526752942197,0.68,0.56,0.84,0.76
20250702,1.0,0.44249440308283,0.56,0.4,0.72,0.56
20250703,1.0,0.42456162831517263,0.56,0.44,0.72,0.56
20250704,1.0,0.44699814088160666,0.56,0.44,0.64,0.56
20250705,1.0,0.4106224685129114,0.48,0.32,0.64,0.44
20250706,1.0,0.4380159867331615,0.44,0.24,0.6,0.4
20250707,1.0,0.4205066708275055,0.32,0.2,0.52,0.36
20250708,1.0,0.4432324303761151,0.48,0.36,0.6,0.56
20250709,1.0,0.4406413242927016,0.48,0.36,0.68,0.48
20250710,1.0,0.41357404031741285,0.36,0.32,0.56,0.4
20250711,1.0,0.441961722382295,0.64,0.36,0.76,0.56
20250712,1.0,0.43086700198060474,0.52,0.32,0.64,0.52
20250713,1.0,0.4253071522867786,0.44,0.36,0.6,0.44
20250714,1.0,0.5106980689972426,0.48,0.44,0.56,0.52
20250715,1.0,0.4678029495950465,0.64,0.48,0.72,0.6
20250716,1.0,0.4942272810475609,0.44,0.4,0.64,0.56
20250717,1.0,0.4270352642255277,0.4,0.28,0.64,0.4
20250718,1.0,0.4213666877868624,0.4,0.28,0.56,0.36
20250719,1.0,0.41079256014851784,0.52,0.36,0.64,0.4
20250720,1.0,0.44577009111651117,0.56,0.4,0.68,0.56
20250721,1.0,0.435987101658834,0.56,0.36,0.68,0.48
20250722,1.0,0.5044092317219154,0.56,0.52,0.68,0.6
20250723,1.0,0.42807275378819937,0.48,0.32,0.64,0.4
20250724,1.0,0.5019076902542167,0.52,0.48,0.6,0.56
20250725,1.0,0.4281966249653541,0.36,0.2,0.52,0.28
20250726,1.0,0.4178100590670187,0.52,0.32,0.68,0.56
20250727,1.0,0.42899350246505086,0.52,0.32,0.68,0.52
20250728,1.0,0.502703679619185,0.52,0.48,0.64,0.6
20250729,1.0,0.42477429062564015,0.48,0.32,0.6,0.48
20250730,1.0,0.414992920250732,0.6,0.32,0.72,0.48
20250731,1.0,0.4416663464330094,0.48,0.32,0.68,0.4
20250801,1.0,0.44650871137115344,0.4,0.36,0.52,0.44
20250802,1.0,0.45111941204498507,0.56,0.4,0.64,0.48
20250803,1.0,0.4444687077012333,0.48,0.36,0.6,0.52
20250804,1.0,0.439085017404536,0.44,0.32,0.6,0.44
20250805,1.0,0.44914824577253454,0.44,0.32,0.64,0.44
20250806,1.0,0.4153781519662542,0.52,0.4,0.64,0.44
20250807,1.0,0.5241517565347843,0.52,0.44,0.6,0.52
20250808,1.0,0.4464442175880841,0.48,0.32,0.64,0.56
20250809,1.0,0.434745919225016,0.44,0.28,0.6,0.4
20250810,1.0,0.517121128819618,0.56,0.44,0.64,0.56
20250811,1.0,0.43519706220089416,0.44,0.36,0.64,0.52
20250812,1.0,0.4222857382228717,0.56,0.4,0.72,0.48
20250813,1.0,0.4926914394859501,0.44,0.4,0.56,0.48
20250814,1.0,0.49836930088780096,0.64,0.56,0.68,0.6
20250815,1.0,0.506554343366969,0.52,0.44,0.68,0.56
20250816,1.0,0.4431139447943797,0.48,0.36,0.68,0.52
20250817,1.0,0.43216031023764373,0.44,0.32,0.64,0.48
20250818,1.0,0.42094321628457193,0.52,0.4,0.64,0.52
20250819,1.0,0.4498580285285534,0.6,0.32,0.68,0.44
20250820,1.0,0.4296700455794023,0.52,0.36,0.68,0.44
20250821,1.0,0.44651715803873043,0.44,0.4,0.56,0.56
20250822,1.0,0.42503710711847426,0.44,0.32,0.6,0.44
20250823,1.0,0.4580599339977825,0.48,0.32,0.56,0.44
20250824,1.0,0.4334390703613505,0.48,0.4,0.68,0.56
20250825,1.0,0.48783532978653454,0.48,0.36,0.6,0.44
20250826,1.0,0.4190933242482464,0.48,0.32,0.64,0.48
20250827,1.0,0.41672817503573695,0.44,0.36,0.56,0.48
20250828,1.0,0.4796230162526024,0.4,0.36,0.6,0.44
20250829,1.0,0.4330738378407882,0.48,0.32,0.64,0.4
20250830,1.0,0.5224938575555472,0.52,0.44,0.6,0.52
20250901,1.0,0.45418904968836155,0.52,0.32,0.68,0.48
20250902,1.0,0.4396009397916869,0.44,0.32,0.64,0.44
20250903,1.0,0.49862783218441337,0.56,0.48,0.64,0.64
20250904,1.0,0.5096920475288783,0.68,0.52,0.76,0.64
20250905,1.0,0.47646864048962884,0.6,0.48,0.72,0.56
20250906,1.0,0.4367694479971557,0.44,0.36,0.68,0.56
20250907,1.0,0.40376554660801395,0.48,0.36,0.6,0.44
20250908,1.0,0.43102725932226543,0.44,0.32,0.64,0.44
20250909,1.0,0.49451379675764984,0.64,0.52,0.68,0.56
20250910,1.0,0.42916323801055883,0.6,0.36,0.68,0.52
20250911,1.0,0.4892591745305143,0.64,0.48,0.72,0.68
20250912,1.0,0.4501138528933264,0.44,0.32,0.64,0.44
20250913,1.0,0.4485408887667557,0.4,0.32,0.56,0.36
20250914,1.0,0.45131658367813804,0.56,0.4,0.64,0.52
20250915,1.0,0.4295522115578794,0.52,0.4,0.64,0.56
20250916,1.0,0.501847227344197,0.64,0.48,0.72,0.6
20250917,1.0,0.4425921764063917,0.44,0.36,0.6,0.44
20250918,1.0,0.44134467879804457,0.4,0.32,0.6,0.36
20250919,1.0,0.4779261098423336,0.6,0.52,0.68,0.6
20250920,1.0,0.4294016369754086,0.44,0.28,0.64,0.4
20250921,1.0,0.4612990670377222,0.56,0.4,0.64,0.56
20250922,1.0,0.43961580358036606,0.48,0.36,0.68,0.6
20250923,1.0,0.45234485633139754,0.44,0.36,0.6,0.4
20250924,1.0,0.44053108965339693,0.48,0.32,0.6,0.44
20250925,1.0,0.4306551234023497,0.64,0.48,0.76,0.56
20250926,1.0,0.4805264816056567,0.6,0.48,0.68,0.6
20250927,1.0,0.44799730006875377,0.48,0.36,0.64,0.48
20250928,1.0,0.4538273750355384,0.52,0.44,0.64,0.48
20250929,1.0,0.44518581629096815,0.52,0.32,0.64,0.48
20250930,1.0,0.45668396227565844,0.36,0.12,0.52,0.24
20251001,1.0,0.3931788837715896,0.56,0.4,0.72,0.56
20251002,1.0,0.4327711541233263,0.44,0.4,0.52,0.48
20251003,1.0,0.40728812887832183,0.48,0.36,0.6,0.52
20251004,1.0,0.42715565755186996,0.48,0.36,0.68,0.48
20251005,1.0,0.4271410890853031,0.44,0.36,0.6,0.48
20251006,1.0,0.4877663614729787,0.56,0.48,0.6,0.52
20251007,1.0,0.42659208918172326,0.48,0.28,0.64,0.4
20251008,1.0,0.42784197570136406,0.44,0.32,0.56,0.44
20251009,1.0,0.4215937521385649,0.6,0.4,0.76,0.56
20251010,1.0,0.4854908527960569,0.64,0.56,0.76,0.64
20251011,1.0,0.5037397203123809,0.64,0.52,0.72,0.64
20251012,1.0,0.44090784961105595,0.52,0.4,0.64,0.48
20251013,1.0,0.43557072700202165,0.56,0.36,0.68,0.52
20251014,1.0,0.4126739306544447,0.48,0.36,0.6,0.48
20251015,1.0,0.4260624196685555,0.36,0.24,0.6,0.28
20251016,1.0,0.4312589179817293,0.6,0.44,0.8,0.6
20251017,1.0,0.43510789459484084,0.56,0.36,0.64,0.52
20251018,1.0,0.45347155555648827,0.52,0.36,0.64,0.52
20251019,1.0,0.4350732288850965,0.52,0.4,0.64,0.52
20251020,1.0,0.44541966593177573,0.52,0.36,0.68,0.56
20251021,1.0,0.45954352449171343,0.48,0.32,0.6,0.44
20251022,1.0,0.44533765981545587,0.52,0.36,0.68,0.52
20251023,1.0,0.4468059509253432,0.48,0.36,0.6,0.52
20251024,1.0,0.43971419314834376,0.64,0.48,0.72,0.56
20251025,1.0,0.4960608999312921,0.52,0.48,0.68,0.6
20251026,1.0,0.41620033133921913,0.52,0.4,0.68,0.6
20251027,1.0,0.4866172131304886,0.56,0.48,0.64,0.56
20251028,1.0,0.45924459768959713,0.6,0.4,0.68,0.52
20251029,1.0,0.5083245459113918,0.56,0.48,0.64,0.56
20251030,1.0,0.42581370496643295,0.52,0.36,0.68,0.48
20251101,1.0,0.45264694220058815,0.56,0.44,0.68,0.56
20251102,1.0,0.43939675465287203,0.6,0.36,0.68,0.48
20251103,1.0,0.5298671055094645,0.64,0.44,0.68,0.6
20251104,1.0,0.44292028013605816,0.52,0.44,0.64,0.52
20251105,1.0,0.43771073940663785,0.48,0.4,0.64,0.48
20251106,1.0,0.48303273566828614,0.52,0.48,0.68,0.6
20251107,1.0,0.44528144600722624,0.48,0.36,0.64,0.6
20251108,1.0,0.429216162034367,0.44,0.36,0.6,0.44
20251109,1.0,0.4387954675784302,0.52,0.4,0.64,0.6
20251110,1.0,0.42924228682227067,0.52,0.4,0.64,0.52
20251111,1.0,0.47771954014801526,0.48,0.44,0.56,0.48
20251112,1.0,0.5104022289484142,0.6,0.52,0.64,0.56
20251113,1.0,0.4893092542607636,0.56,0.52,0.68,0.64
20251114,1.0,0.4325110819672858,0.52,0.32,0.6,0.44
20251115,1.0,0.4247484205070575,0.4,0.28,0.6,0.44
20251116,1.0,0.449681779741991,0.56,0.4,0.64,0.6
20251117,1.0,0.43707677178043747,0.52,0.36,0.52,0.48
20251118,1.0,0.46047980713225933,0.44,0.36,0.64,0.52
20251119,1.0,0.5022433262399904,0.52,0.44,0.6,0.52
20251120,1.0,0.49989410671906714,0.6,0.44,0.6,0.52
20251121,1.0,0.5122654589745332,0.68,0.6,0.76,0.72
20251122,1.0,0.4756833923301917,0.56,0.44,0.6,0.52
20251123,1.0,0.44343181135409393,0.52,0.4,0.64,0.56
20251124,1.0,0.448683565807835,0.48,0.32,0.68,0.52
20251125,1.0,0.4943022864752553,0.44,0.44,0.56,0.48
20251126,1.0,0.4083410870033836,0.56,0.36,0.6,0.44
20251127,1.0,0.44401078949907863,0.52,0.36,0.64,0.48
20251128,1.0,0.4225582763736835,0.36,0.36,0.52,0.44
20251129,1.0,0.4287215673766895,0.48,0.36,0.6,0.52
20251130,1.0,0.432774716674107,0.52,0.44,0.64,0.56
20251201,1.0,0.5163161289006468,0.64,0.56,0.72,0.64
20251202,1.0,0.49062361931791154,0.64,0.6,0.76,0.72
20251203,1.0,0.44419105227320005,0.4,0.32,0.64,0.44
20251204,1.0,0.42682971183896307,0.48,0.36,0.64,0.48
20251205,1.0,0.43179579296471143,0.52,0.4,0.68,0.52
20251206,1.0,0.4040972381741313,0.64,0.48,0.8,0.6
20251207,1.0,0.42873771826506035,0.52,0.48,0.68,0.64
20251208,1.0,0.42694708434368,0.6,0.44,0.72,0.52
20251209,1.0,0.4437774422451539,0.52,0.44,0.64,0.48
20251210,1.0,0.4410025054442323,0.44,0.28,0.64,0.4
20251211,1.0,0.432701521257974,0.56,0.4,0.68,0.56
20251212,1.0,0.45475510699988253,0.32,0.24,0.56,0.36
20251213,1.0,0.4855010932497219,0.64,0.56,0.68,0.6
20251214,1.0,0.4585524574719006,0.52,0.36,0.68,0.56
20251215,1.0,0.43358923006421435,0.48,0.36,0.64,0.44
20251216,1.0,0.43808248108888814,0.52,0.44,0.68,0.56
20251217,1.0,0.492262147496394,0.64,0.52,0.72,0.64
20251218,1.0,0.4292744071594969,0.36,0.28,0.6,0.4
20251219,1.0,0.4277852714353699,0.68,0.48,0.76,0.56
20251220,1.0,0.4456357025704612,0.4,0.32,0.56,0.4
20251221,1.0,0.4241683944267016,0.48,0.36,0.64,0.56
20251222,1.0,0.4940951682485854,0.52,0.48,0.64,0.56
20251223,1.0,0.505469303585063,0.6,0.52,0.64,0.6
20251224,1.0,0.43264530581290433,0.52,0.32,0.64,0.4
20251225,1.0,0.437295309729857,0.56,0.4,0.68,0.56
20251226,1.0,0.47989067056854046,0.52,0.48,0.6,0.56
20251227,1.0,0.4253296879959493,0.48,0.36,0.64,0.48
20251228,1.0,0.4751829307091839,0.52,0.48,0.6,0.52
20251229,1.0,0.4447085300615663,0.56,0.28,0.72,0.44
20251230,1.0,0.4415475793781557,0.44,0.36,0.64,0.56
