state_id,U1,U2,U3,U4,C1,C2,C3,C4,CN-P1_satisfied,CN-P2_satisfied,CN-P3_satisfied,CN-P4_satisfied,CN-P5_satisfied,CN-P6_satisfied,CN-P7_satisfied,CN-P8_satisfied,US-P1_satisfied,US-P2_satisfied,US-P3_satisfied,US-P4_satisfied,US-P5_satisfied,US-P6_satisfied,US-P7_satisfied,US-P8_satisfied
1,0,0,0,0,0,0,0,0,1,0,0,0,0,0,1,0,0,0,0,0,1,0,0,0
2,1,0,0,0,0,0,0,0,0,0,0,0,0,0,0,0,0,0,1,0,1,0,0,0
3,0,1,0,0,0,0,0,0,1,0,0,0,1,0,1,0,0,0,0,0,1,1,0,1
4,0,0,1,0,0,0,0,0,1,0,0,0,0,0,1,0,0,0,0,1,1,0,0,0
5,1,0,1,0,0,0,0,0,0,0,0,0,0,0,0,0,0,0,1,1,1,0,0,0
6,0,1,1,0,0,0,0,0,1,0,0,0,1,0,1,0,0,0,0,1,1,1,0,1
7,0,0,1,1,0,0,0,0,1,0,0,0,0,0,1,0,0,1,0,1,1,0,0,0
8,1,0,1,1,0,0,0,0,0,0,0,0,0,0,0,0,0,1,1,1,1,0,0,0
9,0,1,1,1,0,0,0,0,1,0,0,0,1,0,1,0,0,1,0,1,1,1,0,1
10,1,0,0,0,1,0,0,0,0,0,1,0,0,0,0,0,0,0,1,0,0,0,0,0
11,0,1,0,0,1,0,0,0,1,0,0,0,1,0,0,0,0,0,0,0,0,1,0,1
12,1,0,1,0,1,0,0,0,0,0,1,0,0,0,0,0,0,0,1,1,0,0,0,0
13,0,1,1,0,1,0,0,0,1,0,0,0,1,0,0,0,0,0,0,1,0,1,0,1
14,0,0,1,1,1,0,0,0,1,0,0,0,0,0,0,0,0,1,0,1,0,0,0,0
15,1,0,1,1,1,0,0,0,0,0,1,0,0,0,0,0,0,1,1,1,0,0,0,0
16,0,1,1,1,1,0,0,0,1,0,0,0,1,0,0,0,0,1,0,1,0,1,0,1
17,0,0,0,0,0,1,0,0,1,0,0,0,0,0,1,0,0,0,0,0,1,0,0,0
18,1,0,0,0,0,1,0,0,0,0,0,0,0,0,0,0,0,0,0,0,1,0,0,0
19,0,1,0,0,0,1,0,0,1,0,0,0,1,0,1,0,0,0,0,0,1,1,0,1
20,0,0,1,0,0,1,0,0,1,0,0,0,0,1,1,0,0,0,0,1,1,0,0,0
21,1,0,1,0,0,1,0,0,0,0,0,0,0,1,0,0,0,0,0,1,1,0,0,0
22,0,1,1,0,0,1,0,0,1,0,0,0,1,1,1,0,0,0,0,1,1,1,0,1
23,0,0,1,1,0,1,0,0,1,0,0,0,0,1,1,0,0,1,0,1,1,0,0,0
24,1,0,1,1,0,1,0,0,0,0,0,0,0,1,0,0,0,1,0,1,1,0,0,0
25,0,1,1,1,0,1,0,0,1,0,0,0,1,1,1,0,0,1,0,1,1,1,0,1
26,1,0,0,0,1,1,0,0,0,0,1,0,0,0,0,0,0,0,0,0,0,0,0,0
27,0,1,0,0,1,1,0,0,1,0,0,0,1,0,0,0,0,0,0,0,0,1,0,1
28,1,0,1,0,1,1,0,0,0,0,1,0,0,1,0,0,0,0,0,1,0,0,0,0
29,0,1,1,0,1,1,0,0,1,0,0,0,1,1,0,0,0,0,0,1,0,1,0,1
30,0,0,1,1,1,1,0,0,1,0,0,0,0,1,0,0,0,1,0,1,0,0,0,0
31,1,0,1,1,1,1,0,0,0,0,1,0,0,1,0,0,0,1,0,1,0,0,0,0
32,0,1,1,1,1,1,0,0,1,0,0,0,1,1,0,0,0,1,0,1,0,1,0,1
33,0,0,0,0,0,0,1,0,1,0,0,1,0,0,1,0,0,0,0,0,1,0,1,0
34,1,0,0,0,0,0,1,0,0,0,0,1,0,0,0,0,0,0,1,0,1,0,1,0
35,0,1,0,0,0,0,1,0,1,0,0,1,1,0,1,0,0,0,0,0,1,1,1,1
36,0,0,1,0,0,0,1,0,1,0,0,1,0,0,1,0,0,0,0,1,1,0,1,0
37,1,0,1,0,0,0,1,0,0,0,0,1,0,0,0,0,0,0,1,1,1,0,1,0
38,0,1,1,0,0,0,1,0,1,0,0,1,1,0,1,0,0,0,0,1,1,1,1,1
39,0,0,1,1,0,0,1,0,1,0,0,1,0,0,1,0,0,1,0,1,1,0,1,0
40,1,0,1,1,0,0,1,0,0,0,0,1,0,0,0,0,0,1,1,1,1,0,1,0
41,0,1,1,1,0,0,1,0,1,0,0,1,1,0,1,0,0,1,0,1,1,1,1,1
42,1,0,0,0,1,0,1,0,0,0,1,1,0,0,0,0,0,0,1,0,0,0,1,0
43,0,1,0,0,1,0,1,0,1,0,0,1,1,0,0,0,0,0,0,0,0,1,1,1
44,1,0,1,0,1,0,1,0,0,0,1,1,0,0,0,0,0,0,1,1,0,0,1,0
45,0,1,1,0,1,0,1,0,1,0,0,1,1,0,0,0,0,0,0,1,0,1,1,1
46,0,0,1,1,1,0,1,0,1,0,0,1,0,0,0,0,0,1,0,1,0,0,1,0
47,1,0,1,1,1,0,1,0,0,0,1,1,0,0,0,0,0,1,1,1,0,0,1,0
48,0,1,1,1,1,0,1,0,1,0,0,1,1,0,0,0,0,1,0,1,0,1,1,1
49,0,0,0,0,0,1,1,0,1,0,0,1,0,0,1,0,0,0,0,0,1,0,1,0
50,1,0,0,0,0,1,1,0,0,0,0,1,0,0,0,0,0,0,0,0,1,0,1,0
51,0,1,0,0,0,1,1,0,1,0,0,1,1,0,1,0,0,0,0,0,1,1,1,1
52,0,0,1,0,0,1,1,0,1,0,0,1,0,1,1,0,0,0,0,1,1,0,1,0
53,1,0,1,0,0,1,1,0,0,0,0,1,0,1,0,0,0,0,0,1,1,0,1,0
54,0,1,1,0,0,1,1,0,1,0,0,1,1,1,1,0,0,0,0,1,1,1,1,1
55,0,0,1,1,0,1,1,0,1,0,0,1,0,1,1,0,0,1,0,1,1,0,1,0
56,1,0,1,1,0,1,1,0,0,0,0,1,0,1,0,0,0,1,0,1,1,0,1,0
57,0,1,1,1,0,1,1,0,1,0,0,1,1,1,1,0,0,1,0,1,1,1,1,1
58,1,0,0,0,1,1,1,0,0,0,1,1,0,0,0,0,0,0,0,0,0,0,1,0
59,0,1,0,0,1,1,1,0,1,0,0,1,1,0,0,0,0,0,0,0,0,1,1,1
60,1,0,1,0,1,1,1,0,0,0,1,1,0,1,0,0,0,0,0,1,0,0,1,0
61,0,1,1,0,1,1,1,0,1,0,0,1,1,1,0,0,0,0,0,1,0,1,1,1
62,0,0,1,1,1,1,1,0,1,0,0,1,0,1,0,0,0,1,0,1,0,0,1,0
63,1,0,1,1,1,1,1,0,0,0,1,1,0,1,0,0,0,1,0,1,0,0,1,0
64,0,1,1,1,1,1,1,0,1,0,0,1,1,1,0,0,0,1,0,1,0,1,1,1
65,0,0,1,1,0,0,1,1,1,1,0,1,0,0,1,1,0,1,0,1,1,0,1,0
66,1,0,1,1,0,0,1,1,0,1,0,1,0,0,0,1,0,1,1,1,1,0,1,0
67,0,1,1,1,0,0,1,1,1,1,0,1,1,0,1,1,0,1,0,1,1,1,1,1
68,0,0,1,1,1,0,1,1,1,1,0,1,0,0,0,1,0,1,0,1,0,0,1,0
69,1,0,1,1,1,0,1,1,0,1,1,1,0,0,0,1,0,1,1,1,0,0,1,0
70,0,1,1,1,1,0,1,1,1,1,0,1,1,0,0,1,0,1,0,1,0,1,1,1
71,0,0,1,1,0,1,1,1,1,1,0,1,0,1,1,1,1,1,0,1,1,0,1,0
72,1,0,1,1,0,1,1,1,0,1,0,1,0,1,0,1,1,1,0,1,1,0,1,0
73,0,1,1,1,0,1,1,1,1,1,0,1,1,1,1,1,1,1,0,1,1,1,1,1
74,0,0,1,1,1,1,1,1,1,1,0,1,0,1,0,1,1,1,0,1,0,0,1,0
75,1,0,1,1,1,1,1,1,0,1,1,1,0,1,0,1,1,1,0,1,0,0,1,0
76,0,1,1,1,1,1,1,1,1,1,0,1,1,1,0,1,1,1,0,1,0,1,1,1
