state_id,cn_utility,us_utility,cn_rank,us_rank,cn_priority_vector,us_priority_vector,U1,U2,U3,U4,C1,C2,C3,C4
1,130.0,8.0,44,68,10000010,00001000,0,0,0,0,0,0,0,0
2,0.0,40.0,73,42,00000000,00101000,1,0,0,0,0,0,0,0
3,138.0,13.0,33,63,10001010,00001101,0,1,0,0,0,0,0,0
4,130.0,24.0,45,52,10000010,00011000,0,0,1,0,0,0,0,0
5,0.0,56.0,74,38,00000000,00111000,1,0,1,0,0,0,0,0
6,138.0,29.0,34,47,10001010,00011101,0,1,1,0,0,0,0,0
7,130.0,88.0,46,22,10000010,01011000,0,0,1,1,0,0,0,0
8,0.0,120.0,75,9,00000000,01111000,1,0,1,1,0,0,0,0
9,138.0,93.0,35,16,10001010,01011101,0,1,1,1,0,0,0,0
10,32.0,32.0,61,44,00100000,00100000,1,0,0,0,1,0,0,0
11,136.0,5.0,37,73,10001000,00000101,0,1,0,0,1,0,0,0
12,32.0,48.0,62,40,00100000,00110000,1,0,1,0,1,0,0,0
13,136.0,21.0,38,57,10001000,00010101,0,1,1,0,1,0,0,0
14,128.0,80.0,48,34,10000000,01010000,0,0,1,1,1,0,0,0
15,32.0,112.0,63,12,00100000,01110000,1,0,1,1,1,0,0,0
16,136.0,85.0,39,28,10001000,01010101,0,1,1,1,1,0,0,0
17,130.0,8.0,47,69,10000010,00001000,0,0,0,0,0,1,0,0
18,0.0,8.0,76,70,00000000,00001000,1,0,0,0,0,1,0,0
19,138.0,13.0,36,64,10001010,00001101,0,1,0,0,0,1,0,0
20,134.0,24.0,41,53,10000110,00011000,0,0,1,0,0,1,0,0
21,4.0,24.0,71,54,00000100,00011000,1,0,1,0,0,1,0,0
22,142.0,29.0,29,48,10001110,00011101,0,1,1,0,0,1,0,0
23,134.0,88.0,42,23,10000110,01011000,0,0,1,1,0,1,0,0
24,4.0,88.0,72,24,00000100,01011000,1,0,1,1,0,1,0,0
25,142.0,93.0,30,17,10001110,01011101,0,1,1,1,0,1,0,0
26,32.0,0.0,64,76,00100000,00000000,1,0,0,0,1,1,0,0
27,136.0,5.0,40,74,10001000,00000101,0,1,0,0,1,1,0,0
28,36.0,16.0,59,60,00100100,00010000,1,0,1,0,1,1,0,0
29,140.0,21.0,31,58,10001100,00010101,0,1,1,0,1,1,0,0
30,132.0,80.0,43,35,10000100,01010000,0,0,1,1,1,1,0,0
31,36.0,80.0,60,36,00100100,01010000,1,0,1,1,1,1,0,0
32,140.0,85.0,32,29,10001100,01010101,0,1,1,1,1,1,0,0
33,146.0,10.0,24,65,10010010,00001010,0,0,0,0,0,0,1,0
34,16.0,42.0,67,41,00010000,00101010,1,0,0,0,0,0,1,0
35,154.0,15.0,13,61,10011010,00001111,0,1,0,0,0,0,1,0
36,146.0,26.0,25,49,10010010,00011010,0,0,1,0,0,0,1,0
37,16.0,58.0,68,37,00010000,00111010,1,0,1,0,0,0,1,0
38,154.0,31.0,14,45,10011010,00011111,0,1,1,0,0,0,1,0
39,146.0,90.0,26,18,10010010,01011010,0,0,1,1,0,0,1,0
40,16.0,122.0,69,7,00010000,01111010,1,0,1,1,0,0,1,0
41,154.0,95.0,15,13,10011010,01011111,0,1,1,1,0,0,1,0
42,48.0,34.0,55,43,00110000,00100010,1,0,0,0,1,0,1,0
43,152.0,7.0,17,71,10011000,00000111,0,1,0,0,1,0,1,0
44,48.0,50.0,56,39,00110000,00110010,1,0,1,0,1,0,1,0
45,152.0,23.0,18,55,10011000,00010111,0,1,1,0,1,0,1,0
46,144.0,82.0,28,30,10010000,01010010,0,0,1,1,1,0,1,0
47,48.0,114.0,57,10,00110000,01110010,1,0,1,1,1,0,1,0
48,152.0,87.0,19,25,10011000,01010111,0,1,1,1,1,0,1,0
49,146.0,10.0,27,66,10010010,00001010,0,0,0,0,0,1,1,0
50,16.0,10.0,70,67,00010000,00001010,1,0,0,0,0,1,1,0
51,154.0,15.0,16,62,10011010,00001111,0,1,0,0,0,1,1,0
52,150.0,26.0,21,50,10010110,00011010,0,0,1,0,0,1,1,0
53,20.0,26.0,65,51,00010100,00011010,1,0,1,0,0,1,1,0
54,158.0,31.0,9,46,10011110,00011111,0,1,1,0,0,1,1,0
55,150.0,90.0,22,19,10010110,01011010,0,0,1,1,0,1,1,0
56,20.0,90.0,66,20,00010100,01011010,1,0,1,1,0,1,1,0
57,158.0,95.0,10,14,10011110,01011111,0,1,1,1,0,1,1,0
58,48.0,2.0,58,75,00110000,00000010,1,0,0,0,1,1,1,0
59,152.0,7.0,20,72,10011000,00000111,0,1,0,0,1,1,1,0
60,52.0,18.0,53,59,00110100,00010010,1,0,1,0,1,1,1,0
61,156.0,23.0,11,56,10011100,00010111,0,1,1,0,1,1,1,0
62,148.0,82.0,23,31,10010100,01010010,0,0,1,1,1,1,1,0
63,52.0,82.0,54,32,00110100,01010010,1,0,1,1,1,1,1,0
64,156.0,87.0,12,26,10011100,01010111,0,1,1,1,1,1,1,0
65,211.0,90.0,7,21,11010011,01011010,0,0,1,1,0,0,1,1
66,81.0,122.0,52,8,01010001,01111010,1,0,1,1,0,0,1,1
67,219.0,95.0,3,15,11011011,01011111,0,1,1,1,0,0,1,1
68,209.0,82.0,8,33,11010001,01010010,0,0,1,1,1,0,1,1
69,113.0,114.0,50,11,01110001,01110010,1,0,1,1,1,0,1,1
70,217.0,87.0,4,27,11011001,01010111,0,1,1,1,1,0,1,1
71,215.0,218.0,5,2,11010111,11011010,0,0,1,1,0,1,1,1
72,85.0,218.0,51,3,01010101,11011010,1,0,1,1,0,1,1,1
73,223.0,223.0,1,1,11011111,11011111,0,1,1,1,0,1,1,1
74,213.0,210.0,6,5,11010101,11010010,0,0,1,1,1,1,1,1
75,117.0,210.0,49,6,01110101,11010010,1,0,1,1,1,1,1,1
76,221.0,215.0,2,4,11011101,11010111,0,1,1,1,1,1,1,1
