month,country,domain,data_status,preference_update_impact,weekly_variation,weekly_peak,weekly_recent
201701,CN,diplomacy,observed,1.5242296323313225,0.7461340875912181,1.2173124063189809,0.7653938593654703
201701,CN,economy,observed,2.2318228070315773,3.4225751406293465,1.9427453778443842,0.9100492087548843
201701,CN,law,observed,-0.9712451594138222,0.33225472911591686,0.6005152508082621,-0.6005152508082621
201701,CN,politics,observed,-0.0759805333616266,1.94258134033336,0.32964581605428717,-0.32964581605428717
201701,CN,security,observed,-0.7203136741130975,1.0711592826178804,0.5883535095422607,-0.5239629884451625
201701,CN,society_humanitarian,observed,0.8283253616559432,0.9384673603833563,0.49775300315345583,0.397323694085141
201701,US,diplomacy,observed,1.6341938410432513,1.5029387437278072,1.3732328077537643,0.38833153377500046
201701,US,economy,observed,2.5003801220845108,2.840722094285899,2.0941202763159237,1.1941582959183044
201701,US,law,observed,-1.1535764993040771,1.4350431037486113,1.0324034245496978,-0.38609334121987676
201701,US,politics,observed,-0.16665318428228462,1.2651681928582068,0.43258427368525604,-0.07955719476431869
201701,US,security,observed,-1.0318864511301427,2.78724999538036,1.0423256232655391,-0.5004969723409174
201701,US,society_humanitarian,observed,1.2877703771036257,1.6834090123715306,0.8984966113862917,0.11358421040105281
201702,CN,diplomacy,observed,1.4509386240234003,2.3590263836040544,1.3778885473526044,1.2733091129781193
201702,CN,economy,observed,2.256726276561465,1.7444479517288718,1.5542800331671343,1.4947808340433943
201702,CN,law,observed,-0.3492420535560376,0.8331474890457523,0.4208963662091884,-0.008645243372624581
201702,CN,politics,observed,0.3069514445197204,0.38910400970855774,0.38910400970855774,0.38910400970855774
201702,CN,security,observed,-0.8755725316271782,1.4831702172669603,0.7598172643128757,-0.036464311358790934
201702,CN,society_humanitarian,observed,1.2043625836261662,2.1999602900419055,1.0985030130105344,0.2764345627499351
201702,US,diplomacy,observed,1.6288744318546513,1.8317587047178705,1.4141580258368758,0.996557346955881
201702,US,economy,observed,2.4642821351806754,1.9586395276073614,1.9586395276073614,1.9586395276073614
201702,US,law,observed,-0.7299668038527896,0.541768700486987,0.5342625220634205,-0.526756343639854
201702,US,politics,observed,-0.018981457627481737,0.39049930222728024,0.10310953454432552,-0.0841336269695127
201702,US,security,observed,-0.7906081904414799,1.0142491106772327,0.6512669308535061,-0.45622200567358406
201702,US,society_humanitarian,observed,1.227307435289929,1.0429559232363972,0.7989720756061828,0.5549882279759685
201703,CN,diplomacy,observed,1.4178317881986566,0.9646439486265996,1.1901445154614174,1.1901445154614174
201703,CN,economy,observed,2.1597047493350425,0.7346237892291407,1.623086147889281,1.623086147889281
201703,CN,law,observed,-0.7066942311415333,1.432470638137804,0.6305476582195373,-0.5334671815982941
201703,CN,politics,observed,0.12400277935955825,0.7641448535464008,0.22392744427203956,0.11084547776868998
201703,CN,security,observed,0.001434443948318957,1.3509315227289176,0.36860721707543026,0.13915329385223255
201703,CN,society_humanitarian,observed,1.0910782597496582,0.8741143989561508,0.737146136314692,0.18146229582602658
201703,US,diplomacy,observed,1.3488935348906146,2.0940311077427203,1.2036468339671598,1.0737987862438334
201703,US,economy,observed,2.215937073582432,1.8422498253985187,1.8612008176872803,1.8612008176872803
201703,US,law,observed,-0.6344975857149884,0.7668773400517295,0.4789854741672956,-0.11104119889398902
201703,US,politics,observed,0.11590486124351633,1.023305850923743,0.3329896614149925,0.2079968435771736
201703,US,security,observed,-0.844176446784951,1.8285436903873953,0.9836012953125892,-0.3855771753245689
201703,US,society_humanitarian,observed,0.8986795773809753,0.4775271838982354,0.4542475576123069,0.4542475576123069
201704,CN,diplomacy,observed,1.7643445363527643,2.055822515858302,1.5548644035959456,1.5548644035959456
201704,CN,economy,observed,2.5754132662739044,2.978094361174103,2.0239670052970697,1.6841541800101831
201704,CN,law,observed,-0.6762953604040977,0.5856972525153084,0.5856972525153084,-0.5856972525153084
201704,CN,politics,observed,0.6913855425286732,2.0140559248986305,0.6879197211865455,0.6879197211865455
201704,CN,security,observed,0.5197688579548677,1.251885362722328,0.636943694251085,0.636943694251085
201704,CN,society_humanitarian,observed,1.0433184592805065,0.9553896186882793,0.5732796318909928,0.3587444184263685
201704,US,diplomacy,observed,1.6496900224302227,2.881334530737,1.3909974768535514,1.3120440288899629
201704,US,economy,observed,2.1460304602756097,2.0358852375684897,1.657146104176539,1.4658651159878395
201704,US,law,observed,-0.7326643949222174,1.5245760830190882,0.7191894853000173,-0.7191894853000173
201704,US,politics,observed,0.12537327616883603,0.7228266240700232,0.26402262301827106,-0.14603126183788515
201704,US,security,observed,-0.7512190649399554,0.8540030815309139,0.5233793067756936,-0.5233793067756936
201704,US,society_humanitarian,observed,0.8717359774206338,0.5339099261520397,0.4523097897417739,0.3707096533315081
201705,CN,diplomacy,observed,1.9727740220021832,1.1977866872120235,1.604164073753645,0.8585921865002216
201705,CN,economy,observed,2.3727235843979857,1.2918611278182242,1.738899408141938,1.6486715426086582
201705,CN,law,observed,-0.5709907984816005,0.8773241130559888,0.6229478617087266,-0.3531302245701991
201705,CN,politics,observed,0.48367988662736217,1.0912851011360645,0.7398544771181953,0.1846886601065631
201705,CN,security,observed,-0.13979672885103106,1.469339322620637,0.5257076796306542,-0.1345009720037561
201705,CN,society_humanitarian,observed,1.1258964664467725,1.1280547126425962,0.675493213126589,0.2749570317600374
201705,US,diplomacy,observed,1.7128780383746016,1.6998690104116823,1.636431711582497,0.7703178859798109
201705,US,economy,observed,2.4001725106541776,1.797985219754863,1.888177152493193,1.5715069143170761
201705,US,law,observed,-0.3101094068878438,1.7057441686569659,0.4946290296622185,-0.09833993552826342
201705,US,politics,observed,0.23295913843354912,1.5058107559004918,0.5982347816586238,-0.024776544760679437
201705,US,security,observed,-0.8016495721698427,0.8537904316098639,0.589310249780589,-0.44779507354601805
201705,US,society_humanitarian,observed,1.2340985033313314,1.442539438797084,0.8107192174966241,0.6414682028617849
201706,CN,diplomacy,observed,1.1170971908209242,2.130635093933766,1.3939764503859862,-0.049671147829886284
201706,CN,economy,observed,1.980166045287556,2.934156653760666,2.107048942058297,0.15194488526470323
201706,CN,law,observed,-0.8598002602994216,0.9885724813617902,0.6264400519364678,-0.626127658084371
201706,CN,politics,observed,-0.11903502532784074,2.6071315980538716,0.6576853261784305,-0.6402583669318685
201706,CN,security,observed,-0.9281108188294804,0.89584429425006,0.5668153893649065,-0.4910499018401469
201706,CN,society_humanitarian,observed,1.0381012858936898,0.31703043802319736,0.4716143219883058,0.3377101565619448
201706,US,diplomacy,observed,1.4472791902660098,0.9325891433945539,1.2011766855688457,0.8008687811559276
201706,US,economy,observed,1.780014280682621,2.3979415234369785,1.7155337289869839,1.0055394806080378
201706,US,law,observed,-1.0390910947526604,0.5712470493772758,0.7508367174875934,-0.7508367174875934
201706,US,politics,observed,-0.3306911877317061,1.3680641672391196,0.4605604988836585,-0.4605604988836585
201706,US,security,observed,-0.951143148147507,1.0670684116894589,0.6982377711180244,-0.6982377711180244
201706,US,society_humanitarian,observed,0.7006989738487728,0.81459289122506,0.46748589451977796,0.10342383735761744
201707,CN,diplomacy,observed,1.0863465019725622,2.0420923541865252,1.1816885738973915,0.940482441213368
201707,CN,economy,observed,0.9124105392165893,2.703302332279904,1.5654483893318174,1.292039840379825
201707,CN,law,observed,-0.6959976340851007,0.7381047276490271,0.6464983768077252,-0.4433202503093183
201707,CN,politics,observed,-0.5608811911861451,1.319769898432443,0.7189760209438429,0.09642236992995568
201707,CN,security,observed,-1.0799659574968097,0.9444536160886988,0.7094678879118936,-0.3629103840779836
201707,CN,society_humanitarian,observed,1.1183691829847406,1.1800810158815493,0.7376396966850272,0.2951983774885051
201707,US,diplomacy,observed,1.4663485404430452,1.202099698929009,1.1038420767083115,0.6360393088106261
201707,US,economy,observed,1.9739235976552048,1.991192967194255,1.7590815916610947,0.9154428913103752
201707,US,law,observed,-0.643382350423629,0.880058465148301,0.5868522030063208,-0.2143985882614434
201707,US,politics,observed,-0.19129829284129674,0.7865847692422591,0.27244720074477313,-0.27244720074477313
201707,US,security,observed,-0.8904960757497385,0.7020527150030496,0.6049659770032376,-0.48881720304256066
201707,US,society_humanitarian,observed,0.7173476133561327,0.6020240582414657,0.4776538774375805,0.4776538774375805
201708,CN,diplomacy,observed,1.376506106856942,0.5738275886443613,1.0151803102801984,1.0127654158365262
201708,CN,economy,observed,1.0378821588074414,4.85386896067784,1.5298989649605284,1.5298989649605284
201708,CN,law,observed,-0.6420923550719384,0.672750089673293,0.5689392497307031,-0.2589064538466857
201708,CN,politics,observed,-0.3046303069958463,1.732758857661524,0.5318936177260276,-0.016366770742036445
201708,CN,security,observed,-0.2373629614653855,1.5113202828766474,0.45129704968385875,0.12328242215522615
201708,CN,society_humanitarian,observed,1.27815279200398,0.9071124248178345,0.9136710501262877,0.9136710501262877
201708,US,diplomacy,observed,1.3723935285380664,1.6865333902003803,1.2539287309028875,0.9297549115888919
201708,US,economy,observed,1.662049574827917,2.3903860375477954,1.411919542586559,1.411919542586559
201708,US,law,observed,-0.9666488452532648,0.39059177474685014,0.666937884837803,-0.616538176040095
201708,US,politics,observed,-0.4639793654701864,0.3439200226998362,0.3705608211617194,-0.3269027475334696
201708,US,security,observed,-0.8142395790250653,1.019094807831583,0.5593951742295035,-0.526758763284118
201708,US,society_humanitarian,observed,0.8727500416571973,0.5396746052883136,0.5795080817527547,0.5795080817527547
201709,CN,diplomacy,observed,1.0300546710495389,1.963773966826834,1.1081914116450273,1.1081914116450273
201709,CN,economy,observed,1.4271181807288442,2.900371217965148,1.5962821420612734,1.5962821420612734
201709,CN,law,observed,-1.006619247637291,0.9379075028899804,0.6991542920862307,-0.3542754310700469
201709,CN,politics,observed,-0.7539859795793604,1.5636661408150392,0.7704713950851197,-0.03534790206851888
201709,CN,security,observed,-1.1368255421154616,1.4599933843681319,0.9917825576534683,-0.5045096949779401
201709,CN,society_humanitarian,observed,1.3838708610836827,1.3707705144929354,0.952998364465327,0.5352262144377187
201709,US,diplomacy,observed,1.5187769846904797,1.386426331154492,1.0841680433676653,0.805060366806514
201709,US,economy,observed,2.259509962005883,2.8345788867024346,1.9709862247099887,0.3958277856256828
201709,US,law,observed,-0.8976617952390298,0.925955686350324,0.6688340673450387,-0.3001406726826486
201709,US,politics,observed,-0.25741577490611095,0.48507135431062753,0.2844484392645569,-0.09542680388062046
201709,US,security,observed,-0.802892689259099,1.0120980650855331,0.648146392046125,-0.24141484884584122
201709,US,society_humanitarian,observed,1.4271234985382573,1.460043092903806,0.9055938194003658,0.35114454589692556
201710,CN,diplomacy,observed,1.251430209749936,1.719136615764583,1.1908620848911666,1.1908620848911666
201710,CN,economy,observed,1.5778392158171592,0.8108571636268002,1.1568867779308696,1.1568867779308696
201710,CN,law,observed,-0.8701457072902246,1.6965208913212477,0.9186542950472708,-0.486945021648402
201710,CN,politics,observed,-0.45957187850703846,2.3281020795967766,0.859999018823526,0.29115316186918494
201710,CN,security,observed,-0.8858046727956546,1.8613523570550474,0.9174414404372311,0.13804125183769
201710,CN,society_humanitarian,observed,0.9473521874691628,0.34354582064328554,0.45848982696349283,0.28198255245704157
201710,US,diplomacy,observed,1.3756770865989156,1.1715287381222315,1.0950032579613342,0.9645212920721633
201710,US,economy,observed,2.0876786533766998,1.6903804472531685,1.666010096839626,1.1445783417775695
201710,US,law,observed,-0.9921674059315101,1.3156232134584565,0.791210492777291,-0.37096867236468867
201710,US,politics,observed,-0.1144687822804879,1.473844092049578,0.43444124561202097,0.08930309859330907
201710,US,security,observed,-0.4991773699093974,3.104887778823022,0.7074604724536829,-0.35891989657515844
201710,US,society_humanitarian,observed,0.9539376054910521,0.9017390311957525,0.6223515650988889,0.23954026164440792
201711,CN,diplomacy,observed,2.251060146661046,2.6709395208566282,2.0052572951240477,0.8979679071531892
201711,CN,economy,observed,2.4067168642125574,2.5839670150228633,2.053719383334671,1.488713084858426
201711,CN,law,observed,-0.5666260115592321,0.48160897846420625,0.46314425222593714,-0.31949981635524044
201711,CN,politics,observed,0.1467557855049866,0.8237462139558225,0.24018063960751043,0.01572443919926612
201711,CN,security,observed,-0.8422166252462131,0.5200826160068623,0.4571759548947284,-0.4229050435196841
201711,CN,society_humanitarian,observed,1.441978570629989,1.161553163441754,0.9565101126332591,0.4898189444776607
201711,US,diplomacy,observed,2.3879664117322266,2.902396687334793,2.0677103090931634,1.078957700273844
201711,US,economy,observed,2.4439078961882297,2.7424338999185753,2.034265213160853,1.378728695729075
201711,US,law,observed,-0.5309473438727664,0.7450080805526074,0.4807692912632204,-0.2929870764369085
201711,US,politics,observed,0.4529405187878602,1.383156644693317,0.5300338823299863,0.38958529071202613
201711,US,security,observed,-0.847497196095362,1.4252435329183175,0.7020975878383585,0.09073505740756228
201711,US,society_humanitarian,observed,1.0267573239538854,0.6127905091438713,0.5151731721892834,0.23264154616841085
201712,CN,diplomacy,observed,1.5296403046399918,0.5027651530851797,1.0887503166177688,0.8589754333722622
201712,CN,economy,observed,2.2979327476963043,2.0296458303092253,1.7875390654190348,1.3674759008161337
201712,CN,law,observed,-0.575801824455669,1.0820535533063724,0.4971586392022709,-0.4491578200049466
201712,CN,politics,observed,0.2840864864978996,0.6040999007048327,0.34717750360802097,0.027976414817552
201712,CN,security,observed,-0.432566592980923,1.3804329484834512,0.4729667708687663,-0.0764932603034638
201712,CN,society_humanitarian,observed,1.3341465508873527,1.2463611007762583,0.8813701328521243,0.4812024008567205
201712,US,diplomacy,observed,1.7129891201400422,1.3058613986765524,1.326578462586636,0.4159977052087138
201712,US,economy,observed,2.4374228636753834,2.16381178501604,2.0900745465237804,1.0355023649191675
201712,US,law,observed,-0.7318953690527595,0.4706335870634946,0.513244216257559,-0.3964385259712472
201712,US,politics,observed,0.002765957876217669,1.365027046622634,0.4193995446202915,-0.12812906965156481
201712,US,security,observed,-0.6716079762716148,1.0125557128431273,0.6404716681029795,-0.20988579855000541
201712,US,society_humanitarian,observed,1.2641443355534063,0.8895636225388496,0.7327790247010022,0.28445188695861456
201801,CN,diplomacy,observed,1.544747050963773,1.5549556158595057,1.3985059968092701,0.8531582558413423
201801,CN,economy,observed,1.8015300083172636,2.373321602416075,1.6278058980165193,0.4708266678269139
201801,CN,law,observed,-0.9869867408747877,0.7937014746298007,0.7025033273583308,-0.5396655994480637
201801,CN,politics,observed,-0.2544167396036118,0.5736465567498157,0.2590946501169798,-0.2590946501169798
201801,CN,security,observed,-0.8436657346535732,1.0202221768950426,0.6047793170040361,-0.6047793170040361
201801,CN,society_humanitarian,observed,1.2715504671321483,0.8877101253605784,0.7179388435374849,0.44474372435677406
201801,US,diplomacy,observed,1.570967314621799,1.1572394451654096,1.2785384767358612,1.1017281695118013
201801,US,economy,observed,1.6122416534267532,3.2127507932801667,1.4127028411664986,1.4127028411664986
201801,US,law,observed,-1.0211385772373849,0.3855822408078399,0.6774634285624085,-0.6721198245186106
201801,US,politics,observed,-0.40264771988293446,0.9932720799182191,0.40122950855321937,0.0734643982960957
201801,US,security,observed,-0.9896077966598334,0.7481932504269565,0.6810675842874722,-0.587981000813681
201801,US,society_humanitarian,observed,1.0653119826754078,1.2396722232277737,0.7473445100298489,0.25501679683192396
201802,CN,diplomacy,observed,1.8246487086238683,2.3670223136981368,1.4118272567912473,1.4118272567912473
201802,CN,economy,observed,2.0882308660075886,2.0632038810901667,1.6009043079314944,1.1386047347728219
201802,CN,law,observed,-0.885026922852912,1.0564318073721513,0.6662566051477871,-0.6662566051477871
201802,CN,politics,observed,-0.07707983195198632,0.945980598766798,0.2811274093970647,-0.12643914500964823
201802,CN,security,observed,-0.8537392079353378,0.5087790092325493,0.4635272433613332,-0.4635272433613332
201802,CN,society_humanitarian,observed,0.77904121224134,0.4610553628876625,0.4082102877572804,0.3553652126268983
201802,US,diplomacy,observed,1.8189712095248032,2.7596752902148682,1.5472522383301728,1.5472522383301728
201802,US,economy,observed,2.362513567629223,2.849065548504146,2.059474464454387,1.2698833804046283
201802,US,law,observed,-0.5955942372436864,1.578917384197473,0.6857037984040971,-0.04275401430303984
201802,US,politics,observed,0.3659482643107937,2.8418604116591077,0.7268813724988306,0.7268813724988306
201802,US,security,observed,-0.318143677925144,2.2039885653328977,0.49927539451142633,0.2816264588755081
201802,US,society_humanitarian,observed,1.2245528217608836,0.9456360401230258,0.7226799662670506,0.4997238924110754
201803,CN,diplomacy,observed,1.756955401820837,0.9041363202472907,1.3918694779086418,0.9779066070407082
201803,CN,economy,observed,2.770585636907737,1.9006452617030227,2.272329314606184,1.4362887921286218
201803,CN,law,observed,-0.4339387235266915,0.9693934404609376,0.5825836975077697,0.03050646774361826
201803,CN,politics,observed,0.4991627930654244,1.6929497980115085,0.6768255366469635,0.15061374832485053
201803,CN,security,observed,-0.24057408641109493,2.648691168585919,0.6157780068007315,-0.26818239185209247
201803,CN,society_humanitarian,observed,1.0657198688326246,0.9936885618530766,0.6544019976371229,0.6544019976371229
201803,US,diplomacy,observed,1.9116541552808628,0.8994958368422223,1.4907610092531376,1.2811504356122188
201803,US,economy,observed,2.855543371583074,2.371809689352148,2.244430403647932,2.041249559668049
201803,US,law,observed,-0.6292796090984069,1.2053943137454477,0.6142092163526324,-0.3484265710813832
201803,US,politics,observed,0.741946702605098,0.9812717407664959,0.5269887761109395,0.4461520624258642
201803,US,security,observed,-0.8690535094088572,0.7757464839531835,0.5446398685379323,-0.42483719016115246
201803,US,society_humanitarian,observed,1.122912675370251,0.5646325035325737,0.5407858246365738,0.5055390898585612
201804,CN,diplomacy,observed,2.1383358492555686,2.069662388316618,1.881705630630656,1.0873537316785293
201804,CN,economy,observed,3.008503403895074,3.00818463084594,2.889506467435465,0.9753369248039364
201804,CN,law,observed,-1.2508658761016727,1.2911157463769984,0.937925554851361,-0.937925554851361
201804,CN,politics,observed,0.18802410440914322,1.854285960242989,0.8422818480715027,-0.6390942693168118
201804,CN,security,observed,-0.897299724534892,0.9978007717445998,0.7711726231896914,-0.7711726231896914
201804,CN,society_humanitarian,observed,1.1727869450533805,1.9117144150500829,0.733245225581351,0.733245225581351
201804,US,diplomacy,observed,2.1475705082231205,1.6568742339627465,1.6778889832016168,1.259132176785529
201804,US,economy,observed,3.105704309690424,2.608317245636689,2.625698184757552,1.616636841626285
201804,US,law,observed,-0.7266915587777777,0.8784379285967556,0.7155284671042254,-0.6104103947901055
201804,US,politics,observed,0.5928602461035688,1.8516544170173717,0.9446897268236856,-0.19540534209741175
201804,US,security,observed,-0.6082859666008269,1.4101749165129254,0.5343483788017616,-0.5279179928608739
201804,US,society_humanitarian,observed,1.3314989986855448,0.9312600343764934,0.8527630731343713,0.5783388925572925
201805,CN,diplomacy,observed,1.6562279253049423,1.3420099901421505,1.4695755196604816,1.2018986039797919
201805,CN,economy,observed,2.5791765951754373,0.7042542205895379,1.9040840947533404,1.8125945339656786
201805,CN,law,observed,-1.0154346313450564,0.43273629157662147,0.7624385329041229,-0.7505706407528261
201805,CN,politics,observed,-0.03266442049303882,0.7126082977545161,0.22548763244704262,-0.22548763244704262
201805,CN,security,observed,-1.1336491602722476,0.40515976469919,0.7617405925940366,-0.7617405925940366
201805,CN,society_humanitarian,observed,1.022252428220589,0.29630381419400625,0.5780071676129547,0.5780071676129547
201805,US,diplomacy,observed,1.66065223912142,0.39195602358250503,1.1809240123459541,1.1550673496457349
201805,US,economy,observed,2.395595643260356,0.9936512991794904,1.8780919979431334,1.5998756824784763
201805,US,law,observed,-1.1135435592890424,1.4366064908346665,0.8631812196329277,-0.5478576661907331
201805,US,politics,observed,-0.25987895969408437,2.172207167401736,0.6514154373066527,0.056952878206541366
201805,US,security,observed,-1.3236919421076776,1.3529236473538995,0.971900007751128,-0.5626349515527623
201805,US,society_humanitarian,observed,0.7585359627363665,0.7619192275690514,0.4295062640439595,0.3962912210047367
201806,CN,diplomacy,observed,1.7519640643653094,0.9751994951208757,1.5675559473013492,1.5675559473013492
201806,CN,economy,observed,2.808955163115286,1.5177179519605122,2.3438406914579435,1.9353352008936031
201806,CN,law,observed,-0.9158093260977105,1.1858321009941317,0.6796450936002764,-0.48667114422652535
201806,CN,politics,observed,0.1701003839159674,0.5784079555337822,0.3510850186870761,0.3510850186870761
201806,CN,security,observed,-1.0694045455200667,1.6850549739493172,0.7967371456561574,-0.28551580288542633
201806,CN,society_humanitarian,observed,0.9896197931515118,0.7408768965667216,0.5231375568808847,0.27240531841887267
201806,US,diplomacy,observed,1.8122933192501673,0.9730101997683331,1.480914978476529,1.480914978476529
201806,US,economy,observed,2.691600304196722,1.0029232897662372,2.0985790172430665,1.8486386522296179
201806,US,law,observed,-0.6667582737646854,1.7761920687957045,0.5819043988753005,-0.4312709717159646
201806,US,politics,observed,0.5485053934319327,0.9829680290733669,0.6087721563642652,0.37700143643380013
201806,US,security,observed,-0.7546475417802755,2.4287261145154373,0.6200570363817722,-0.2784020832960933
201806,US,society_humanitarian,observed,1.031144200490311,0.765566398711665,0.48147848712692026,0.19414955570594333
201807,CN,diplomacy,observed,1.7154952117485596,1.8312993955338501,1.5499402861750298,0.5498595972628036
201807,CN,economy,observed,3.0922795745313025,1.2741322315570356,2.41134306494236,2.1757882565874813
201807,CN,law,observed,-0.8624541429920339,1.163851987147555,0.790863864252134,-0.5755508018667238
201807,CN,politics,observed,0.17799185560571096,0.6622531378129823,0.338667477381792,-0.21816107885382463
201807,CN,security,observed,-0.295445575932712,1.8981264168376866,0.6732367503852543,0.5220152178694294
201807,CN,society_humanitarian,observed,1.549694245492305,1.3264746466800466,1.1441617011957863,1.1441617011957863
201807,US,diplomacy,observed,1.583985636181018,1.8742459048720168,1.543938558845661,0.615801913586911
201807,US,economy,observed,2.7727916291314947,2.1330401220883015,2.362283651869299,2.2910687077362266
201807,US,law,observed,-1.219062709749203,0.8228343012268852,0.823656760438063,-0.6217466655951587
201807,US,politics,observed,-0.13652935231657223,1.7413723933594187,0.41464254083480023,-0.1594108747501464
201807,US,security,observed,-0.6016372978942245,1.104573144932841,0.668745939228216,-0.668745939228216
201807,US,society_humanitarian,observed,1.3407101504202277,1.3518049208783158,0.9218308266942623,0.4918567325102089
201808,CN,diplomacy,observed,1.3536720971046974,1.276500934868206,1.188025616338427,0.9652207398290044
201808,CN,economy,observed,2.336600627026874,2.7761288489017915,2.1923598685593504,1.9207203048725001
201808,CN,law,observed,-1.1840597324831146,0.3087504941337993,0.8957094213963814,-0.5962578930203295
201808,CN,politics,observed,-0.4434471835325256,0.8712214139521142,0.47291228354733883,0.08878109835290701
201808,CN,security,observed,-0.8835152848210867,1.562645040879557,0.7614229229262078,0.265353760653931
201808,CN,society_humanitarian,observed,1.583129728277918,0.9305263396236612,1.0686781367910112,0.35515111403895566
201808,US,diplomacy,observed,1.609629814639854,0.6542927784851389,1.3349339588069353,1.3349339588069353
201808,US,economy,observed,2.5317171440696113,0.6458803070105676,1.8517102782033947,1.8134627831839871
201808,US,law,observed,-1.0433565133084342,1.5872810856753616,1.0622717895773741,-0.6070460306343465
201808,US,politics,observed,0.0054595417184465445,1.2263065593570863,0.3177166149975319,0.16278234049300577
201808,US,security,observed,-0.8901050544552542,1.7703045786168767,0.9434058736980229,0.00011335137102825064
201808,US,society_humanitarian,observed,1.0873628020351958,1.047975950014244,0.6324580769046892,0.3478026856418443
201809,CN,diplomacy,observed,1.5394391366576714,1.4553660540618178,1.3260433883730018,0.918856067969015
201809,CN,economy,observed,1.905022632740034,1.8573041800897259,1.783925960947219,1.144363218140696
201809,CN,law,observed,-1.0453908197890018,0.7303823950605008,0.7454172510249557,-0.7121094457349484
201809,CN,politics,observed,-0.39856144678303507,0.6710028219227708,0.44396262578477413,-0.44396262578477413
201809,CN,security,observed,-0.9812083403819839,1.3123928652002057,0.7761146339835872,-0.7761146339835872
201809,CN,society_humanitarian,observed,0.9792129354238539,0.7730352244060936,0.6322667102533157,0.4152057008960814
201809,US,diplomacy,observed,1.5041745608073982,2.2129719113674016,1.2855282420306602,1.0687496343143452
201809,US,economy,observed,1.9426354491123292,3.7440539919506852,1.8474588537933814,1.4507398411248629
201809,US,law,observed,-1.0544943402559994,1.4158382405750705,0.8816858112426526,-0.8816858112426526
201809,US,politics,observed,-0.18154208981787387,1.6351683798517636,0.3614027322978108,-0.34705309660930944
201809,US,security,observed,-0.984019633859927,1.9157490126405672,0.8674779670869628,-0.8674779670869628
201809,US,society_humanitarian,observed,1.0457159573140584,1.0177439324201847,0.6966639446229083,0.6966639446229083
201810,CN,diplomacy,observed,1.5463494756533627,0.9499856490254599,1.3961325971503358,1.2296795244110137
201810,CN,economy,observed,1.8296029841013781,1.3463314310359822,1.8574608190457211,1.8574608190457211
201810,CN,law,observed,-0.9061404791275557,1.478296519653195,0.765558288034647,-0.6270506488276723
201810,CN,politics,observed,-0.4416279267166646,1.7356862603786511,0.6346418211420566,-0.2020937208939294
201810,CN,security,observed,-0.9994457760836764,0.6938510218050179,0.6066999307001268,-0.6027618610167378
201810,CN,society_humanitarian,observed,1.3852151522503906,0.8634710338602505,0.791732498344109,0.5258444071220241
201810,US,diplomacy,observed,1.5901174499990323,1.0874648583354563,1.3534628788047887,1.2437489468921632
201810,US,economy,observed,2.5656170458834144,2.3623313497555545,2.2500780855264435,1.7260396183734077
201810,US,law,observed,-0.7472506620421884,0.39318597172255065,0.5635490492596059,-0.24798618240324477
201810,US,politics,observed,0.1739971548894319,1.0964653357603453,0.3591391490181111,0.3368379829074231
201810,US,security,observed,-0.8588468531615364,0.7951051202668931,0.5374590933134998,-0.09660500636674353
201810,US,society_humanitarian,observed,0.8718518631051887,1.0602634658525152,0.6648374590650968,0.2694114522776786
201811,CN,diplomacy,observed,1.6196744294411,0.8053838493356662,1.1795608752327873,1.119180555301958
201811,CN,economy,observed,2.4634420766896605,1.0236308259497153,1.8559684301164754,1.700678938412546
201811,CN,law,observed,-0.9330605052957048,1.8399410237899387,0.7907032236654399,-0.739339986418664
201811,CN,politics,observed,-0.1831756118074447,1.9946646606058929,0.4340555120628285,-0.3770121084368827
201811,CN,security,observed,-1.1310746478440497,0.7267304077045263,0.8301521888059912,-0.5570617428756995
201811,CN,society_humanitarian,observed,1.3770828850927215,1.0427348868651576,0.9513224154482061,0.6180030371650566
201811,US,diplomacy,observed,1.5295460755507162,0.8520686796329634,1.254357178588222,1.254357178588222
201811,US,economy,observed,2.7412784364993037,1.9933077284451552,2.1491432559823687,2.1491432559823687
201811,US,law,observed,-0.7961209770795212,0.4265416092576,0.6230985411681345,-0.6230985411681345
201811,US,politics,observed,0.3120174900445334,1.174038121038158,0.40080600277748196,0.011808873687286187
201811,US,security,observed,-0.668294948964964,0.8736879487691347,0.6498868469001465,-0.6498868469001465
201811,US,society_humanitarian,observed,1.0863878653186743,1.2593943709845288,0.5834584466695599,0.5834584466695599
201812,CN,diplomacy,observed,1.2922890533597464,0.501596903832202,0.9728580864695997,0.7912129683578424
201812,CN,economy,observed,1.7715613978594866,1.8494047070650472,1.660692094635664,1.3805715422835532
201812,CN,law,observed,-1.1205942739677381,0.706357431828106,0.8726747184194128,-0.6155983332336171
201812,CN,politics,observed,-0.41686967241702794,0.8328309816598287,0.587715279226774,-0.2580882123367457
201812,CN,security,observed,-0.9130012803517525,1.5259512584984467,0.9421202719799855,-0.2021631907812158
201812,CN,society_humanitarian,observed,1.0556527616729237,1.0365557395358729,0.7398675755258916,0.10342383735761744
201812,US,diplomacy,observed,1.5697502453069148,1.4256190713770125,1.3828418901827655,1.1294624390373056
201812,US,economy,observed,2.343981325767699,1.1043599034316203,1.865618871276274,1.865618871276274
201812,US,law,observed,-1.3056595081613622,1.5961418043656874,1.0630953095848572,-0.418477039146922
201812,US,politics,observed,-0.4285996992512269,1.7614347608565428,0.6224884575492834,0.19047315463741576
201812,US,security,observed,-1.1771291320614543,1.8589470360304112,1.0262608198433385,-0.08200282799916105
201812,US,society_humanitarian,observed,1.1836183706341692,0.698632015980718,0.6957220401632964,0.6957220401632964
201901,CN,diplomacy,observed,1.0597397494545668,1.3234550704239783,1.0244014066567917,0.42544502961882624
201901,CN,economy,observed,2.400074347195907,0.7287690509555229,1.7551733492091142,1.451925332604057
201901,CN,law,observed,-1.061190637713436,1.1738237342915787,0.8309018279361419,-0.6659978144591656
201901,CN,politics,observed,-0.427088334748146,0.5611621150685328,0.48818256719823433,-0.3995260570149815
201901,CN,security,observed,-1.0545393367329972,0.3644278844920822,0.7207594849969227,-0.5276410011455465
201901,CN,society_humanitarian,observed,1.0392951617373036,0.8271889616375121,0.6490571979875265,0.3451419404787623
201901,US,diplomacy,observed,1.2111386849726702,0.9658048032555234,0.9205315100659902,0.8947165087638979
201901,US,economy,observed,2.345353517923075,1.4324813630084778,1.9308609981741198,1.5609584209012846
201901,US,law,observed,-0.7376652029050985,1.350769011110555,0.5635414452321382,-0.3991375351858442
201901,US,politics,observed,-0.20084561858954583,1.6529774144950573,0.38088652126311345,-0.0766241254404084
201901,US,security,observed,-0.9252063156236957,0.35949885906924145,0.47663410155830044,-0.38577741804225646
201901,US,society_humanitarian,observed,1.206375590188681,0.7422452594657292,0.6780551415868747,0.3389079919479829
201902,CN,diplomacy,observed,1.4595743768167575,1.4137260886005498,1.0730224578937304,0.732318827186911
201902,CN,economy,observed,2.3525621674140784,3.3816850821362903,1.9770177435168004,1.2728495558254453
201902,CN,law,observed,-0.8387841882178448,0.6052522295322073,0.5719173591037483,-0.5385824886752894
201902,CN,politics,observed,0.1692176543029076,0.45037926636279635,0.22466893576621638,-0.0010413948303635496
201902,CN,security,observed,-0.5341171383695619,0.572279119656781,0.572279119656781,-0.572279119656781
201902,CN,society_humanitarian,observed,1.028167136305405,0.8997875605769554,0.6195840538576765,0.33938054713839755
201902,US,diplomacy,observed,1.4661552719442814,2.4725975550135186,1.3017935876179036,0.8822511792255868
201902,US,economy,observed,2.500690722011762,2.28776178896746,1.7980166733387941,1.648193469627254
201902,US,law,observed,-0.35566094602552684,0.9643606580580015,0.3059820217835136,-0.06168075194993385
201902,US,politics,observed,0.5442870995626974,1.4162157759145644,0.6208247225362572,0.2913697223938211
201902,US,security,observed,-0.16626123586713257,0.6346553710130439,0.16664815811432196,-0.07232881934740332
201902,US,society_humanitarian,observed,0.8882470701390849,0.9982194870749971,0.5221847511009982,0.3421490962848875
201903,CN,diplomacy,observed,1.3026835626519055,1.0004756975482083,1.0500396565859285,1.0500396565859285
201903,CN,economy,observed,2.192487340147961,1.6959128401400767,1.9020762094168198,1.5984907755702014
201903,CN,law,observed,-1.1649388168931307,1.6260789145904644,1.0390534804482323,-0.5742990800071576
201903,CN,politics,observed,-0.41835027312623996,1.9455455189332702,0.5446396174944235,-0.17356982069420446
201903,CN,security,observed,-1.2905864098206252,2.3021630324196645,1.11731010738897,-0.5282876311209215
201903,CN,society_humanitarian,observed,1.575345896701259,1.0945987964769768,0.9521005524483543,0.6173527252412604
201903,US,diplomacy,observed,0.9473510404900419,3.0057286913793346,1.132896112594374,0.4551930337243595
201903,US,economy,observed,1.7803112941754644,2.7585348821342626,1.5322124527337404,1.068153625002254
201903,US,law,observed,-1.038176757502326,1.1508762814648335,0.8336437746527018,-0.29419547661185647
201903,US,politics,observed,-0.5020427793205323,2.273142657763173,0.7832113904130491,-0.332204427963123
201903,US,security,observed,-1.0419514306453246,1.8318279260842971,0.962736330818757,-0.1570932527287075
201903,US,society_humanitarian,observed,0.540628172979083,2.0051332893196494,0.5815195852789331,0.35871732147397456
201904,CN,diplomacy,observed,1.391006363880851,0.716434667988031,1.0476971183121535,0.7135788278298999
201904,CN,economy,observed,2.152578811925346,0.7605017735293162,1.648495177145906,1.4413056812060696
201904,CN,law,observed,-1.0316439035842193,1.905539871113266,0.850053009769432,-0.6407880748970827
201904,CN,politics,observed,-0.11549920149629314,1.4276091531906059,0.25676090375009936,-0.0836200153242039
201904,CN,security,observed,-0.5612726812126286,2.5530721227594384,0.9072867473158672,-0.3401695540476536
201904,CN,society_humanitarian,observed,0.9603728984859603,1.121734045300018,0.6277281418048157,0.1941495557059433
201904,US,diplomacy,observed,1.4853118126863034,1.6282615620487335,1.2662859156038975,0.7582703420957655
201904,US,economy,observed,2.2182516531525995,1.827536715837252,1.7172179637310991,1.476720959747009
201904,US,law,observed,-0.6399589285278127,0.7580745421961685,0.5657010557455503,-0.5657010557455503
201904,US,politics,observed,0.08380469278484397,1.346318070640248,0.4003997846762799,-0.3077921986404749
201904,US,security,observed,-0.3725307205773039,0.813871999621683,0.4366223344496021,-0.4366223344496021
201904,US,society_humanitarian,observed,1.1000798912911516,1.293189851225194,0.6495117505712092,0.604628751851382
201905,CN,diplomacy,observed,1.232794983846646,1.0672207781242302,1.15301372150068,0.7908746029470919
201905,CN,economy,observed,2.2958284237636666,2.7346216793715543,2.1973823953932676,0.9618693744206037
201905,CN,law,observed,-1.3409457892018686,0.7101862898917566,1.0841672947269463,-1.0841672947269463
201905,CN,politics,observed,-0.6018191780130441,0.74882862241014,0.7587925983987402,-0.7587925983987402
201905,CN,security,observed,-1.4058854301337402,0.8682773512762987,1.0393351229644223,-0.9449220524156869
201905,CN,society_humanitarian,observed,1.1509348965651003,0.6442207747697779,0.5834584466695599,0.47497187576757216
201905,US,diplomacy,observed,1.100400333746542,2.081941784489616,1.3642613153485468,0.5949133937963887
201905,US,economy,observed,2.3188574917645264,2.7468782001219916,2.2574153528030125,0.9273893751451289
201905,US,law,observed,-1.0554530188998474,1.1232440282920253,0.9230446211639987,-0.9230446211639987
201905,US,politics,observed,-0.48201015946604164,1.643290570650782,0.6688323801628707,-0.6688323801628707
201905,US,security,observed,-1.0047506757176623,0.9512175987688183,0.9327634436064776,-0.9327634436064776
201905,US,society_humanitarian,observed,0.9695830828894887,1.104298091783305,0.6835682275061836,0.15941452587144492
201906,CN,diplomacy,observed,1.019128021622199,0.7720405907805539,1.0204993081930105,0.9288872497550791
201906,CN,economy,observed,2.244992595175571,1.210486937958611,1.7738453786986574,1.6014524984654035
201906,CN,law,observed,-1.2026900395603877,0.9446406103491138,0.8796327249507027,-0.8796327249507027
201906,CN,politics,observed,-0.5760654829285183,0.9799099127325313,0.495222201026369,-0.495222201026369
201906,CN,security,observed,-1.1715163138124798,1.3129915005079513,0.8635252703385468,-0.8635252703385468
201906,CN,society_humanitarian,observed,1.2226333306311281,1.1720459379445118,0.7522713402427088,0.3472162453706953
201906,US,diplomacy,observed,1.4114873561951342,1.3051628251140146,1.0835714522133169,0.9249801489072109
201906,US,economy,observed,2.5531178839330453,1.8609873486901938,2.1837013388247186,1.3600211111964708
201906,US,law,observed,-0.9736662137492478,1.2708768170547218,0.7881579991258715,-0.7881579991258715
201906,US,politics,observed,-0.1253182370253706,0.5807074595831601,0.37850885278301677,-0.37850885278301677
201906,US,security,observed,-1.3230456748465724,1.103284856520757,0.8612353367385955,-0.7483200528731623
201906,US,society_humanitarian,observed,1.1316868651431542,0.7304792195559064,0.5410229759291282,0.34582426918816983
201907,CN,diplomacy,observed,1.2236530042171996,0.6712651201182518,1.0061423505848535,0.49909397634458935
201907,CN,economy,observed,1.9085472707222566,2.2010853325463575,1.9889380537832237,0.962702842538929
201907,CN,law,observed,-1.2142219800177283,1.0556165216601792,0.9704027423752702,-0.9704027423752702
201907,CN,politics,observed,-0.6850523567728961,1.3473623736031157,0.8377923520234878,-0.8377923520234878
201907,CN,security,observed,-0.4754252167706391,2.8824578239416714,1.100620445869796,-1.100620445869796
201907,CN,society_humanitarian,observed,0.8749980950371874,1.6572262260926363,0.6500678860896145,0.5363014574627619
201907,US,diplomacy,observed,1.5141328173926367,0.49246791612258334,1.0995978729722893,0.8121262509837204
201907,US,economy,observed,2.3143084737152217,0.7767472573112753,1.8607401252673914,1.8607401252673914
201907,US,law,observed,-0.7353516911124917,0.34645880806571394,0.4569485450981327,-0.36206668111539836
201907,US,politics,observed,0.1329110292969401,0.21453969971649797,0.14853731657166608,0.11724480719578194
201907,US,security,observed,-0.4680214646698557,1.4849384541282453,0.4627746816241947,-0.332896297601507
201907,US,society_humanitarian,observed,1.0320439409475681,0.7508796140729119,0.598432183532022,0.3425609156335146
201908,CN,diplomacy,observed,0.9459403967846157,2.1228559147678636,0.9019171925242683,0.9019171925242683
201908,CN,economy,observed,2.145491839021271,2.5898737067356974,2.349060344026868,2.349060344026868
201908,CN,law,observed,-0.952056868472434,0.6417896738294796,0.6969485686291602,-0.6969485686291602
201908,CN,politics,observed,-0.43627926393205674,1.1457709771555944,0.553983615705814,-0.04807853268109566
201908,CN,security,observed,-0.9354538537253356,0.9360706236468965,0.6898795211186854,-0.5442288075391217
201908,CN,society_humanitarian,observed,1.0871011800487111,0.6749803455826996,0.591400269603874,0.591400269603874
201908,US,diplomacy,observed,1.4645820577403272,2.8348945023111582,1.5052111650734774,1.0598952780966573
201908,US,economy,observed,2.4185363417235086,3.043440404033795,2.035577552731153,2.035577552731153
201908,US,law,observed,-0.549035370523666,2.1373208746755443,0.5856690715764235,-0.5856690715764235
201908,US,politics,observed,0.04861441441683998,1.5996386840998684,0.3939034375549535,-0.01858107543676025
201908,US,security,observed,-0.9162284875221309,1.9968216343872862,0.728443320770712,-0.5294907269547066
201908,US,society_humanitarian,observed,0.6712147435028694,0.9122224943709694,0.5552694254181104,0.19831635646525142
201909,CN,diplomacy,observed,1.351706183446334,1.1073707791947913,1.1989900721399926,0.6365467053280871
201909,CN,economy,observed,2.262616252503315,2.1194788728354546,2.026772417377196,0.8938273830139217
201909,CN,law,observed,-0.743119828630683,1.2599438704070904,0.5921161472563458,-0.5467692447931375
201909,CN,politics,observed,-0.011910704890633363,1.0544660466911724,0.2798865547147007,-0.2798865547147007
201909,CN,security,observed,-0.5549133829378161,0.4722289016731041,0.39925017478826696,-0.3262714479034298
201909,CN,society_humanitarian,observed,1.1222659119305447,1.3720361004403576,0.7025596087841098,0.4210660443531027
201909,US,diplomacy,observed,1.5930713775122798,0.8525276512761375,1.1397895376666654,1.1397895376666654
201909,US,economy,observed,2.4682794812649735,1.7951586528530539,1.9601971675268723,1.9601971675268723
201909,US,law,observed,-0.7326453740188761,1.5071175503669587,0.6674059022006977,-0.17509374747078
201909,US,politics,observed,0.27299719976308284,0.981048310877298,0.4431826760483885,0.4431826760483885
201909,US,security,observed,-0.53198140897926,0.7053744996663736,0.4646775257777629,-0.2624333590668906
201909,US,society_humanitarian,observed,1.232645187348072,1.6086267758514299,0.7919814780437702,0.785143838889968
201910,CN,diplomacy,observed,1.0780963300486683,1.752214275859953,1.2594555593455619,0.7363702608459559
201910,CN,economy,observed,1.0559538473009604,1.4142349854930856,1.6570300262339257,1.6570300262339257
201910,CN,law,observed,-0.9543965865508218,0.5336631724061642,0.7078692623386544,-0.40776718271585527
201910,CN,politics,observed,-0.4526768721546263,1.2057418994741118,0.5913937260866715,0.14416575857563316
201910,CN,security,observed,-0.5169475405892763,1.29682251268369,0.48318576846873745,-0.48318576846873745
201910,CN,society_humanitarian,observed,1.1767052561311984,0.8385707627439194,0.6780551415868747,0.10342383735761744
201910,US,diplomacy,observed,1.7318703083407854,0.8012058867943328,1.2253919431490226,0.9477993823583051
201910,US,economy,observed,2.469329943940164,0.7145752589801122,1.8174256569383023,1.5393831209837503
201910,US,law,observed,-0.923282196901596,0.8524061099699838,0.6369375808543162,-0.3356632040344753
201910,US,politics,observed,0.17162823625626092,0.9642499666097918,0.33609241308110743,0.1512110887465277
201910,US,security,observed,-1.0178172025998675,1.257285583921699,0.6209998526734981,-0.3089990082500803
201910,US,society_humanitarian,observed,0.9010597274255686,0.9382079921689181,0.5321240954150295,0.19414955570594333
201911,CN,diplomacy,observed,1.6546551106622307,1.0906950398439537,1.1883861176138486,0.8248935938324046
201911,CN,economy,observed,2.599392593984898,2.6745170491824917,2.138583036085733,1.5176245132540707
201911,CN,law,observed,-0.9963682243895046,0.7483912059351924,0.707213144796221,-0.30588250427670993
201911,CN,politics,observed,0.010323735305816747,1.2066348242998235,0.30383275535588167,0.1826529416392858
201911,CN,security,observed,-0.9882020612115785,1.0115214534893746,0.6383487240070302,-0.05046593174988486
201911,CN,society_humanitarian,observed,1.0282183229348534,0.9510189518846989,0.7482739300189023,0.5455289081531057
201911,US,diplomacy,observed,1.6801882858769006,1.3902626553296318,1.2556350565068424,1.0826477359554452
201911,US,economy,observed,2.3459048268742504,3.2802462298730957,2.1241332343033115,1.6329395455692
201911,US,law,observed,-0.8839367276675771,1.177356050952986,0.6945393255664248,-0.26700021334646806
201911,US,politics,observed,0.08832342089645984,3.265726552966935,0.7759337481614312,0.4984529031241751
201911,US,security,observed,-0.8454379811044359,2.1883199396824007,0.7178902054059708,0.09227071127850792
201911,US,society_humanitarian,observed,0.8616027820933368,1.2855916530199978,0.6427958265099989,0.0
201912,CN,diplomacy,observed,1.623536838165714,1.6862730402136392,1.5418231765300061,1.2104122357956957
201912,CN,economy,observed,2.3345837798043236,0.9524161037511234,2.0621853214081334,2.0621853214081334
201912,CN,law,observed,-0.8646085042566071,1.190559170025066,0.7262697124034461,-0.2879506327717197
201912,CN,politics,observed,0.14174913131177433,1.0622892176626635,0.4255249826945026,0.4255249826945026
201912,CN,security,observed,-0.5950281428585282,1.555059535182249,0.5703935719421588,-0.2053052172907343
201912,CN,society_humanitarian,observed,1.0170014924019048,0.1579568973410097,0.40428959655943675,0.3478026856418443
201912,US,diplomacy,observed,1.7406366762888397,1.1533519310986786,1.3470214797982165,1.3421181856575441
201912,US,economy,observed,2.384669877902852,2.5642394985930776,2.0051683380461256,1.5776052846256647
201912,US,law,observed,-0.6115063031399451,0.7927058750885867,0.6073726635556654,-0.6073726635556654
201912,US,politics,observed,0.42958119184273746,1.1960494352659414,0.5204693440871705,0.13427387861466644
201912,US,security,observed,-0.8066508025054797,0.5288314368954866,0.5145922629805667,-0.5145922629805667
201912,US,society_humanitarian,observed,0.5756075134662653,0.44615872161493364,0.2694114522776786,-0.1311821322337455
202001,CN,diplomacy,observed,0.5481790884665166,2.036544031947663,1.1489087715252018,-0.4025942053017395
202001,CN,economy,observed,2.0449353494160505,2.0685799445139774,1.8700256259535977,0.49390330616657474
202001,CN,law,observed,-0.873749807905562,0.7583956914070512,0.7595057959608638,-0.6584321682060905
202001,CN,politics,observed,-0.4019047396125783,1.5317228767742979,0.7414549768888351,-0.7414549768888351
202001,CN,security,observed,-0.9338534665453551,1.1785093120034538,0.7952392866559685,-0.7952392866559685
202001,CN,society_humanitarian,observed,1.3991018487459124,1.4668437407473607,1.1600237210147213,1.1600237210147213
202001,US,diplomacy,observed,1.5251901449998884,1.7204210453424111,1.442458099155804,0.46076268262289954
202001,US,economy,observed,2.485090351365592,2.462292973226482,2.178808186202446,0.6788708110083518
202001,US,law,observed,-1.1335835843344826,0.9123726789800153,0.8347081908449983,-0.8347081908449983
202001,US,politics,observed,-0.06361781204883843,1.6337213528259869,0.6233118916089038,-0.6233118916089038
202001,US,security,observed,-1.0949039348146683,1.8734456582173247,0.9144553203172974,-0.9144553203172974
202001,US,society_humanitarian,observed,0.9444365660198861,0.682522600780075,0.5901440359985105,0.5901440359985105
