state_id,state_1,state_2,state_3,state_4,state_5,state_6,state_7,state_8,state_9,state_10,state_11,state_12,state_13,state_14,state_15,state_16,state_17,state_18,state_19,state_20,state_21,state_22,state_23,state_24,state_25,state_26,state_27,state_28,state_29,state_30,state_31,state_32,state_33,state_34,state_35,state_36,state_37,state_38,state_39,state_40,state_41,state_42,state_43,state_44,state_45,state_46,state_47,state_48,state_49,state_50,state_51,state_52,state_53,state_54,state_55,state_56,state_57,state_58,state_59,state_60,state_61,state_62,state_63,state_64,state_65,state_66,state_67,state_68,state_69,state_70,state_71,state_72,state_73,state_74,state_75,state_76
1,0.000000000000,0.000000000000,0.000000000000,0.000000000000,0.000000000000,0.000000000000,0.000000000000,0.000000000000,0.000000000000,0.000000000000,0.000000000000,0.000000000000,0.000000000000,0.000000000000,0.000000000000,0.000000000000,0.000000000000,0.000000000000,0.000000000000,0.000000000000,0.000000000000,0.000000000000,0.000000000000,0.000000000000,0.000000000000,0.000000000000,0.000000000000,0.000000000000,0.000000000000,0.000000000000,0.000000000000,0.000000000000,0.000000000000,0.000000000000,0.000000000000,0.000000000000,0.000000000000,0.000000000000,0.000000000000,0.000000000000,0.000000000000,0.000000000000,0.000000000000,0.000000000000,0.000000000000,0.000000000000,0.000000000000,0.000000000000,0.000000000000,0.000000000000,0.000000000000,0.000000000000,0.000000000000,0.000000000000,0.000000000000,0.000000000000,0.000000000000,0.000000000000,0.000000000000,0.000000000000,0.000000000000,0.000000000000,0.000000000000,0.000000000000,0.000000000000,0.000000000000,0.000000000000,0.000000000000,0.000000000000,0.000000000000,0.000000000000,0.000000000000,0.000000000000,0.000000000000,0.000000000000,0.000000000000
2,0.000000000000,0.000000000000,0.000000000000,0.000000000000,0.000000000000,0.000000000000,0.000000000000,0.000000000000,0.000000000000,0.000000000000,0.000000000000,0.000000000000,0.000000000000,0.000000000000,0.000000000000,0.000000000000,0.000000000000,0.000000000000,0.000000000000,0.000000000000,0.000000000000,0.000000000000,0.000000000000,0.000000000000,0.000000000000,0.000000000000,0.000000000000,0.000000000000,0.000000000000,0.000000000000,0.000000000000,0.000000000000,0.000000000000,0.000000000000,0.000000000000,0.000000000000,0.000000000000,0.000000000000,0.000000000000,0.000000000000,0.000000000000,0.000000000000,0.000000000000,0.000000000000,0.000000000000,0.000000000000,0.000000000000,0.000000000000,0.000000000000,0.000000000000,0.000000000000,0.000000000000,0.000000000000,0.000000000000,0.000000000000,0.000000000000,0.000000000000,0.000000000000,0.000000000000,0.000000000000,0.000000000000,0.000000000000,0.000000000000,0.000000000000,0.000000000000,0.000000000000,0.000000000000,0.000000000000,0.000000000000,0.000000000000,0.000000000000,0.000000000000,0.000000000000,0.000000000000,0.000000000000,0.000000000000
3,0.000000000000,0.000000000000,0.000000000000,0.000000000000,0.000000000000,0.000000000000,0.000000000000,0.000000000000,0.000000000000,0.000000000000,0.000000000000,0.000000000000,0.000000000000,0.000000000000,0.000000000000,0.000000000000,0.000000000000,0.000000000000,0.000000000000,0.000000000000,0.000000000000,0.000000000000,0.000000000000,0.000000000000,0.000000000000,0.000000000000,0.000000000000,0.000000000000,0.000000000000,0.000000000000,0.000000000000,0.000000000000,0.000000000000,0.000000000000,0.000000000000,0.000000000000,0.000000000000,0.000000000000,0.000000000000,0.000000000000,0.000000000000,0.000000000000,0.000000000000,0.000000000000,0.000000000000,0.000000000000,0.000000000000,0.000000000000,0.000000000000,0.000000000000,0.000000000000,0.000000000000,0.000000000000,0.000000000000,0.000000000000,0.000000000000,0.000000000000,0.000000000000,0.000000000000,0.000000000000,0.000000000000,0.000000000000,0.000000000000,0.000000000000,0.000000000000,0.000000000000,0.000000000000,0.000000000000,0.000000000000,0.000000000000,0.000000000000,0.000000000000,0.000000000000,0.000000000000,0.000000000000,0.000000000000
4,0.000000000000,0.000000000000,0.000000000000,0.000000000000,0.000000000000,0.000000000000,0.000000000000,0.000000000000,0.000000000000,0.000000000000,0.000000000000,0.000000000000,0.000000000000,0.000000000000,0.000000000000,0.000000000000,0.000000000000,0.000000000000,0.000000000000,0.000000000000,0.000000000000,0.000000000000,0.000000000000,0.000000000000,0.000000000000,0.000000000000,0.000000000000,0.000000000000,0.000000000000,0.000000000000,0.000000000000,0.000000000000,0.000000000000,0.000000000000,0.000000000000,0.000000000000,0.000000000000,0.000000000000,0.000000000000,0.000000000000,0.000000000000,0.000000000000,0.000000000000,0.000000000000,0.000000000000,0.000000000000,0.000000000000,0.000000000000,0.000000000000,0.000000000000,0.000000000000,0.000000000000,0.000000000000,0.000000000000,0.000000000000,0.000000000000,0.000000000000,0.000000000000,0.000000000000,0.000000000000,0.000000000000,0.000000000000,0.000000000000,0.000000000000,0.000000000000,0.000000000000,0.000000000000,0.000000000000,0.000000000000,0.000000000000,0.000000000000,0.000000000000,0.000000000000,0.000000000000,0.000000000000,0.000000000000
5,0.000000000000,0.000000000000,0.000000000000,0.000000000000,0.000000000000,0.000000000000,0.000000000000,0.000000000000,0.000000000000,0.000000000000,0.000000000000,0.000000000000,0.000000000000,0.000000000000,0.000000000000,0.000000000000,0.000000000000,0.000000000000,0.000000000000,0.000000000000,0.000000000000,0.000000000000,0.000000000000,0.000000000000,0.000000000000,0.000000000000,0.000000000000,0.000000000000,0.000000000000,0.000000000000,0.000000000000,0.000000000000,0.000000000000,0.000000000000,0.000000000000,0.000000000000,0.000000000000,0.000000000000,0.000000000000,0.000000000000,0.000000000000,0.000000000000,0.000000000000,0.000000000000,0.000000000000,0.000000000000,0.000000000000,0.000000000000,0.000000000000,0.000000000000,0.000000000000,0.000000000000,0.000000000000,0.000000000000,0.000000000000,0.000000000000,0.000000000000,0.000000000000,0.000000000000,0.000000000000,0.000000000000,0.000000000000,0.000000000000,0.000000000000,0.000000000000,0.000000000000,0.000000000000,0.000000000000,0.000000000000,0.000000000000,0.000000000000,0.000000000000,0.000000000000,0.000000000000,0.000000000000,0.000000000000
6,0.000000000000,0.000000000000,0.000000000000,0.000000000000,0.000000000000,0.000000000000,0.000000000000,0.000000000000,0.000000000000,0.000000000000,0.000000000000,0.000000000000,0.000000000000,0.000000000000,0.000000000000,0.000000000000,0.000000000000,0.000000000000,0.000000000000,0.000000000000,0.000000000000,0.000000000000,0.000000000000,0.000000000000,0.000000000000,0.000000000000,0.000000000000,0.000000000000,0.000000000000,0.000000000000,0.000000000000,0.000000000000,0.000000000000,0.000000000000,0.000000000000,0.000000000000,0.000000000000,0.000000000000,0.000000000000,0.000000000000,0.000000000000,0.000000000000,0.000000000000,0.000000000000,0.000000000000,0.000000000000,0.000000000000,0.000000000000,0.000000000000,0.000000000000,0.000000000000,0.000000000000,0.000000000000,0.000000000000,0.000000000000,0.000000000000,0.000000000000,0.000000000000,0.000000000000,0.000000000000,0.000000000000,0.000000000000,0.000000000000,0.000000000000,0.000000000000,0.000000000000,0.000000000000,0.000000000000,0.000000000000,0.000000000000,0.000000000000,0.000000000000,0.000000000000,0.000000000000,0.000000000000,0.000000000000
7,0.000000000000,0.000000000000,0.000000000000,0.000000000000,0.000000000000,0.000000000000,0.000000000000,0.000000000000,0.000000000000,0.000000000000,0.000000000000,0.000000000000,0.000000000000,0.000000000000,0.000000000000,0.000000000000,0.000000000000,0.000000000000,0.000000000000,0.000000000000,0.000000000000,0.000000000000,0.000000000000,0.000000000000,0.000000000000,0.000000000000,0.000000000000,0.000000000000,0.000000000000,0.000000000000,0.000000000000,0.000000000000,0.000000000000,0.000000000000,0.000000000000,0.000000000000,0.000000000000,0.000000000000,0.000000000000,0.000000000000,0.000000000000,0.000000000000,0.000000000000,0.000000000000,0.000000000000,0.000000000000,0.000000000000,0.000000000000,0.000000000000,0.000000000000,0.000000000000,0.000000000000,0.000000000000,0.000000000000,0.000000000000,0.000000000000,0.000000000000,0.000000000000,0.000000000000,0.000000000000,0.000000000000,0.000000000000,0.000000000000,0.000000000000,0.000000000000,0.000000000000,0.000000000000,0.000000000000,0.000000000000,0.000000000000,0.000000000000,0.000000000000,0.000000000000,0.000000000000,0.000000000000,0.000000000000
8,0.000000000000,0.000000000000,0.000000000000,0.000000000000,0.000000000000,0.000000000000,0.000000000000,0.000000000000,0.000000000000,0.000000000000,0.000000000000,0.000000000000,0.000000000000,0.000000000000,0.000000000000,0.000000000000,0.000000000000,0.000000000000,0.000000000000,0.000000000000,0.000000000000,0.000000000000,0.000000000000,0.000000000000,0.000000000000,0.000000000000,0.000000000000,0.000000000000,0.000000000000,0.000000000000,0.000000000000,0.000000000000,0.000000000000,0.000000000000,0.000000000000,0.000000000000,0.000000000000,0.000000000000,0.000000000000,0.000000000000,0.000000000000,0.000000000000,0.000000000000,0.000000000000,0.000000000000,0.000000000000,0.000000000000,0.000000000000,0.000000000000,0.000000000000,0.000000000000,0.000000000000,0.000000000000,0.000000000000,0.000000000000,0.000000000000,0.000000000000,0.000000000000,0.000000000000,0.000000000000,0.000000000000,0.000000000000,0.000000000000,0.000000000000,0.000000000000,0.000000000000,0.000000000000,0.000000000000,0.000000000000,0.000000000000,0.000000000000,0.000000000000,0.000000000000,0.000000000000,0.000000000000,0.000000000000
9,0.000000000000,0.000000000000,0.000000000000,0.000000000000,0.000000000000,0.000000000000,0.000000000000,0.000000000000,0.000000000000,0.000000000000,0.000000000000,0.000000000000,0.000000000000,0.000000000000,0.000000000000,0.000000000000,0.000000000000,0.000000000000,0.000000000000,0.000000000000,0.000000000000,0.000000000000,0.000000000000,0.000000000000,0.000000000000,0.000000000000,0.000000000000,0.000000000000,0.000000000000,0.000000000000,0.000000000000,0.000000000000,0.000000000000,0.000000000000,0.000000000000,0.000000000000,0.000000000000,0.000000000000,0.000000000000,0.000000000000,0.000000000000,0.000000000000,0.000000000000,0.000000000000,0.000000000000,0.000000000000,0.000000000000,0.000000000000,0.000000000000,0.000000000000,0.000000000000,0.000000000000,0.000000000000,0.000000000000,0.000000000000,0.000000000000,0.000000000000,0.000000000000,0.000000000000,0.000000000000,0.000000000000,0.000000000000,0.000000000000,0.000000000000,0.000000000000,0.000000000000,0.000000000000,0.000000000000,0.000000000000,0.000000000000,0.000000000000,0.000000000000,0.000000000000,0.000000000000,0.000000000000,0.000000000000
10,0.000000000000,0.000000000000,0.000000000000,0.000000000000,0.000000000000,0.000000000000,0.000000000000,0.000000000000,0.000000000000,0.000000000000,0.000000000000,0.000000000000,0.000000000000,0.000000000000,0.000000000000,0.000000000000,0.000000000000,0.000000000000,0.000000000000,0.000000000000,0.000000000000,0.000000000000,0.000000000000,0.000000000000,0.000000000000,0.000000000000,0.000000000000,0.000000000000,0.000000000000,0.000000000000,0.000000000000,0.000000000000,0.000000000000,0.000000000000,0.000000000000,0.000000000000,0.000000000000,0.000000000000,0.000000000000,0.000000000000,0.000000000000,0.000000000000,0.000000000000,0.000000000000,0.000000000000,0.000000000000,0.000000000000,0.000000000000,0.000000000000,0.000000000000,0.000000000000,0.000000000000,0.000000000000,0.000000000000,0.000000000000,0.000000000000,0.000000000000,0.000000000000,0.000000000000,0.000000000000,0.000000000000,0.000000000000,0.000000000000,0.000000000000,0.000000000000,0.000000000000,0.000000000000,0.000000000000,0.000000000000,0.000000000000,0.000000000000,0.000000000000,0.000000000000,0.000000000000,0.000000000000,0.000000000000
11,0.000000000000,0.000000000000,0.000000000000,0.000000000000,0.000000000000,0.000000000000,0.000000000000,0.000000000000,0.000000000000,0.000000000000,0.000000000000,0.000000000000,0.000000000000,0.000000000000,0.000000000000,0.000000000000,0.000000000000,0.000000000000,0.000000000000,0.000000000000,0.000000000000,0.000000000000,0.000000000000,0.000000000000,0.000000000000,0.000000000000,0.000000000000,0.000000000000,0.000000000000,0.000000000000,0.000000000000,0.000000000000,0.000000000000,0.000000000000,0.000000000000,0.000000000000,0.000000000000,0.000000000000,0.000000000000,0.000000000000,0.000000000000,0.000000000000,0.000000000000,0.000000000000,0.000000000000,0.000000000000,0.000000000000,0.000000000000,0.000000000000,0.000000000000,0.000000000000,0.000000000000,0.000000000000,0.000000000000,0.000000000000,0.000000000000,0.000000000000,0.000000000000,0.000000000000,0.000000000000,0.000000000000,0.000000000000,0.000000000000,0.000000000000,0.000000000000,0.000000000000,0.000000000000,0.000000000000,0.000000000000,0.000000000000,0.000000000000,0.000000000000,0.000000000000,0.000000000000,0.000000000000,0.000000000000
12,0.000000000000,0.000000000000,0.000000000000,0.000000000000,0.000000000000,0.000000000000,0.000000000000,0.000000000000,0.000000000000,0.000000000000,0.000000000000,0.000000000000,0.000000000000,0.000000000000,0.000000000000,0.000000000000,0.000000000000,0.000000000000,0.000000000000,0.000000000000,0.000000000000,0.000000000000,0.000000000000,0.000000000000,0.000000000000,0.000000000000,0.000000000000,0.000000000000,0.000000000000,0.000000000000,0.000000000000,0.000000000000,0.000000000000,0.000000000000,0.000000000000,0.000000000000,0.000000000000,0.000000000000,0.000000000000,0.000000000000,0.000000000000,0.000000000000,0.000000000000,0.000000000000,0.000000000000,0.000000000000,0.000000000000,0.000000000000,0.000000000000,0.000000000000,0.000000000000,0.000000000000,0.000000000000,0.000000000000,0.000000000000,0.000000000000,0.000000000000,0.000000000000,0.000000000000,0.000000000000,0.000000000000,0.000000000000,0.000000000000,0.000000000000,0.000000000000,0.000000000000,0.000000000000,0.000000000000,0.000000000000,0.000000000000,0.000000000000,0.000000000000,0.000000000000,0.000000000000,0.000000000000,0.000000000000
13,0.000000000000,0.000000000000,0.000000000000,0.000000000000,0.000000000000,0.000000000000,0.000000000000,0.000000000000,0.000000000000,0.000000000000,0.000000000000,0.000000000000,0.000000000000,0.000000000000,0.000000000000,0.000000000000,0.000000000000,0.000000000000,0.000000000000,0.000000000000,0.000000000000,0.000000000000,0.000000000000,0.000000000000,0.000000000000,0.000000000000,0.000000000000,0.000000000000,0.000000000000,0.000000000000,0.000000000000,0.000000000000,0.000000000000,0.000000000000,0.000000000000,0.000000000000,0.000000000000,0.000000000000,0.000000000000,0.000000000000,0.000000000000,0.000000000000,0.000000000000,0.000000000000,0.000000000000,0.000000000000,0.000000000000,0.000000000000,0.000000000000,0.000000000000,0.000000000000,0.000000000000,0.000000000000,0.000000000000,0.000000000000,0.000000000000,0.000000000000,0.000000000000,0.000000000000,0.000000000000,0.000000000000,0.000000000000,0.000000000000,0.000000000000,0.000000000000,0.000000000000,0.000000000000,0.000000000000,0.000000000000,0.000000000000,0.000000000000,0.000000000000,0.000000000000,0.000000000000,0.000000000000,0.000000000000
14,0.000000000000,0.000000000000,0.000000000000,0.000000000000,0.000000000000,0.000000000000,0.000000000000,0.000000000000,0.000000000000,0.000000000000,0.000000000000,0.000000000000,0.000000000000,0.000000000000,0.000000000000,0.000000000000,0.000000000000,0.000000000000,0.000000000000,0.000000000000,0.000000000000,0.000000000000,0.000000000000,0.000000000000,0.000000000000,0.000000000000,0.000000000000,0.000000000000,0.000000000000,0.000000000000,0.000000000000,0.000000000000,0.000000000000,0.000000000000,0.000000000000,0.000000000000,0.000000000000,0.000000000000,0.000000000000,0.000000000000,0.000000000000,0.000000000000,0.000000000000,0.000000000000,0.000000000000,0.000000000000,0.000000000000,0.000000000000,0.000000000000,0.000000000000,0.000000000000,0.000000000000,0.000000000000,0.000000000000,0.000000000000,0.000000000000,0.000000000000,0.000000000000,0.000000000000,0.000000000000,0.000000000000,0.000000000000,0.000000000000,0.000000000000,0.000000000000,0.000000000000,0.000000000000,0.000000000000,0.000000000000,0.000000000000,0.000000000000,0.000000000000,0.000000000000,0.000000000000,0.000000000000,0.000000000000
15,0.000000000000,0.000000000000,0.000000000000,0.000000000000,0.000000000000,0.000000000000,0.000000000000,0.000000000000,0.000000000000,0.000000000000,0.000000000000,0.000000000000,0.000000000000,0.000000000000,0.000000000000,0.000000000000,0.000000000000,0.000000000000,0.000000000000,0.000000000000,0.000000000000,0.000000000000,0.000000000000,0.000000000000,0.000000000000,0.000000000000,0.000000000000,0.000000000000,0.000000000000,0.000000000000,0.000000000000,0.000000000000,0.000000000000,0.000000000000,0.000000000000,0.000000000000,0.000000000000,0.000000000000,0.000000000000,0.000000000000,0.000000000000,0.000000000000,0.000000000000,0.000000000000,0.000000000000,0.000000000000,0.000000000000,0.000000000000,0.000000000000,0.000000000000,0.000000000000,0.000000000000,0.000000000000,0.000000000000,0.000000000000,0.000000000000,0.000000000000,0.000000000000,0.000000000000,0.000000000000,0.000000000000,0.000000000000,0.000000000000,0.000000000000,0.000000000000,0.000000000000,0.000000000000,0.000000000000,0.000000000000,0.000000000000,0.000000000000,0.000000000000,0.000000000000,0.000000000000,0.000000000000,0.000000000000
16,0.000000000000,0.000000000000,0.000000000000,0.000000000000,0.000000000000,0.000000000000,0.000000000000,0.000000000000,0.000000000000,0.000000000000,0.000000000000,0.000000000000,0.000000000000,0.000000000000,0.000000000000,0.000000000000,0.000000000000,0.000000000000,0.000000000000,0.000000000000,0.000000000000,0.000000000000,0.000000000000,0.000000000000,0.000000000000,0.000000000000,0.000000000000,0.000000000000,0.000000000000,0.000000000000,0.000000000000,0.000000000000,0.000000000000,0.000000000000,0.000000000000,0.000000000000,0.000000000000,0.000000000000,0.000000000000,0.000000000000,0.000000000000,0.000000000000,0.000000000000,0.000000000000,0.000000000000,0.000000000000,0.000000000000,0.000000000000,0.000000000000,0.000000000000,0.000000000000,0.000000000000,0.000000000000,0.000000000000,0.000000000000,0.000000000000,0.000000000000,0.000000000000,0.000000000000,0.000000000000,0.000000000000,0.000000000000,0.000000000000,0.000000000000,0.000000000000,0.000000000000,0.000000000000,0.000000000000,0.000000000000,0.000000000000,0.000000000000,0.000000000000,0.000000000000,0.000000000000,0.000000000000,0.000000000000
17,0.000000000000,0.000000000000,0.000000000000,0.000000000000,0.000000000000,0.000000000000,0.000000000000,0.000000000000,0.000000000000,0.000000000000,0.000000000000,0.000000000000,0.000000000000,0.000000000000,0.000000000000,0.000000000000,0.000000000000,0.000000000000,0.000000000000,0.000000000000,0.000000000000,0.000000000000,0.000000000000,0.000000000000,0.000000000000,0.000000000000,0.000000000000,0.000000000000,0.000000000000,0.000000000000,0.000000000000,0.000000000000,0.000000000000,0.000000000000,0.000000000000,0.000000000000,0.000000000000,0.000000000000,0.000000000000,0.000000000000,0.000000000000,0.000000000000,0.000000000000,0.000000000000,0.000000000000,0.000000000000,0.000000000000,0.000000000000,0.000000000000,0.000000000000,0.000000000000,0.000000000000,0.000000000000,0.000000000000,0.000000000000,0.000000000000,0.000000000000,0.000000000000,0.000000000000,0.000000000000,0.000000000000,0.000000000000,0.000000000000,0.000000000000,0.000000000000,0.000000000000,0.000000000000,0.000000000000,0.000000000000,0.000000000000,0.000000000000,0.000000000000,0.000000000000,0.000000000000,0.000000000000,0.000000000000
18,0.000000000000,0.000000000000,0.000000000000,0.000000000000,0.000000000000,0.000000000000,0.000000000000,0.000000000000,0.000000000000,0.000000000000,0.000000000000,0.000000000000,0.000000000000,0.000000000000,0.000000000000,0.000000000000,0.000000000000,0.000000000000,0.000000000000,0.000000000000,0.000000000000,0.000000000000,0.000000000000,0.000000000000,0.000000000000,0.000000000000,0.000000000000,0.000000000000,0.000000000000,0.000000000000,0.000000000000,0.000000000000,0.000000000000,0.000000000000,0.000000000000,0.000000000000,0.000000000000,0.000000000000,0.000000000000,0.000000000000,0.000000000000,0.000000000000,0.000000000000,0.000000000000,0.000000000000,0.000000000000,0.000000000000,0.000000000000,0.000000000000,0.000000000000,0.000000000000,0.000000000000,0.000000000000,0.000000000000,0.000000000000,0.000000000000,0.000000000000,0.000000000000,0.000000000000,0.000000000000,0.000000000000,0.000000000000,0.000000000000,0.000000000000,0.000000000000,0.000000000000,0.000000000000,0.000000000000,0.000000000000,0.000000000000,0.000000000000,0.000000000000,0.000000000000,0.000000000000,0.000000000000,0.000000000000
19,0.000000000000,0.000000000000,0.000000000000,0.000000000000,0.000000000000,0.000000000000,0.000000000000,0.000000000000,0.000000000000,0.000000000000,0.000000000000,0.000000000000,0.000000000000,0.000000000000,0.000000000000,0.000000000000,0.000000000000,0.000000000000,0.000000000000,0.000000000000,0.000000000000,0.000000000000,0.000000000000,0.000000000000,0.000000000000,0.000000000000,0.000000000000,0.000000000000,0.000000000000,0.000000000000,0.000000000000,0.000000000000,0.000000000000,0.000000000000,0.000000000000,0.000000000000,0.000000000000,0.000000000000,0.000000000000,0.000000000000,0.000000000000,0.000000000000,0.000000000000,0.000000000000,0.000000000000,0.000000000000,0.000000000000,0.000000000000,0.000000000000,0.000000000000,0.000000000000,0.000000000000,0.000000000000,0.000000000000,0.000000000000,0.000000000000,0.000000000000,0.000000000000,0.000000000000,0.000000000000,0.000000000000,0.000000000000,0.000000000000,0.000000000000,0.000000000000,0.000000000000,0.000000000000,0.000000000000,0.000000000000,0.000000000000,0.000000000000,0.000000000000,0.000000000000,0.000000000000,0.000000000000,0.000000000000
20,0.000000000000,0.000000000000,0.000000000000,0.000000000000,0.000000000000,0.000000000000,0.000000000000,0.000000000000,0.000000000000,0.000000000000,0.000000000000,0.000000000000,0.000000000000,0.000000000000,0.000000000000,0.000000000000,0.000000000000,0.000000000000,0.000000000000,0.000000000000,0.000000000000,0.000000000000,0.000000000000,0.000000000000,0.000000000000,0.000000000000,0.000000000000,0.000000000000,0.000000000000,0.000000000000,0.000000000000,0.000000000000,0.000000000000,0.000000000000,0.000000000000,0.000000000000,0.000000000000,0.000000000000,0.000000000000,0.000000000000,0.000000000000,0.000000000000,0.000000000000,0.000000000000,0.000000000000,0.000000000000,0.000000000000,0.000000000000,0.000000000000,0.000000000000,0.000000000000,0.000000000000,0.000000000000,0.000000000000,0.000000000000,0.000000000000,0.000000000000,0.000000000000,0.000000000000,0.000000000000,0.000000000000,0.000000000000,0.000000000000,0.000000000000,0.000000000000,0.000000000000,0.000000000000,0.000000000000,0.000000000000,0.000000000000,0.000000000000,0.000000000000,0.000000000000,0.000000000000,0.000000000000,0.000000000000
21,0.000000000000,0.000000000000,0.000000000000,0.000000000000,0.000000000000,0.000000000000,0.000000000000,0.000000000000,0.000000000000,0.000000000000,0.000000000000,0.000000000000,0.000000000000,0.000000000000,0.000000000000,0.000000000000,0.000000000000,0.000000000000,0.000000000000,0.000000000000,0.000000000000,0.000000000000,0.000000000000,0.000000000000,0.000000000000,0.000000000000,0.000000000000,0.000000000000,0.000000000000,0.000000000000,0.000000000000,0.000000000000,0.000000000000,0.000000000000,0.000000000000,0.000000000000,0.000000000000,0.000000000000,0.000000000000,0.000000000000,0.000000000000,0.000000000000,0.000000000000,0.000000000000,0.000000000000,0.000000000000,0.000000000000,0.000000000000,0.000000000000,0.000000000000,0.000000000000,0.000000000000,0.000000000000,0.000000000000,0.000000000000,0.000000000000,0.000000000000,0.000000000000,0.000000000000,0.000000000000,0.000000000000,0.000000000000,0.000000000000,0.000000000000,0.000000000000,0.000000000000,0.000000000000,0.000000000000,0.000000000000,0.000000000000,0.000000000000,0.000000000000,0.000000000000,0.000000000000,0.000000000000,0.000000000000
22,0.000000000000,0.000000000000,0.000000000000,0.000000000000,0.000000000000,0.000000000000,0.000000000000,0.000000000000,0.000000000000,0.000000000000,0.000000000000,0.000000000000,0.000000000000,0.000000000000,0.000000000000,0.000000000000,0.000000000000,0.000000000000,0.000000000000,0.000000000000,0.000000000000,0.000000000000,0.000000000000,0.000000000000,0.000000000000,0.000000000000,0.000000000000,0.000000000000,0.000000000000,0.000000000000,0.000000000000,0.000000000000,0.000000000000,0.000000000000,0.000000000000,0.000000000000,0.000000000000,0.000000000000,0.000000000000,0.000000000000,0.000000000000,0.000000000000,0.000000000000,0.000000000000,0.000000000000,0.000000000000,0.000000000000,0.000000000000,0.000000000000,0.000000000000,0.000000000000,0.000000000000,0.000000000000,0.000000000000,0.000000000000,0.000000000000,0.000000000000,0.000000000000,0.000000000000,0.000000000000,0.000000000000,0.000000000000,0.000000000000,0.000000000000,0.000000000000,0.000000000000,0.000000000000,0.000000000000,0.000000000000,0.000000000000,0.000000000000,0.000000000000,0.000000000000,0.000000000000,0.000000000000,0.000000000000
23,0.000000000000,0.000000000000,0.000000000000,0.000000000000,0.000000000000,0.000000000000,0.000000000000,0.000000000000,0.000000000000,0.000000000000,0.000000000000,0.000000000000,0.000000000000,0.000000000000,0.000000000000,0.000000000000,0.000000000000,0.000000000000,0.000000000000,0.000000000000,0.000000000000,0.000000000000,0.000000000000,0.000000000000,0.000000000000,0.000000000000,0.000000000000,0.000000000000,0.000000000000,0.000000000000,0.000000000000,0.000000000000,0.000000000000,0.000000000000,0.000000000000,0.000000000000,0.000000000000,0.000000000000,0.000000000000,0.000000000000,0.000000000000,0.000000000000,0.000000000000,0.000000000000,0.000000000000,0.000000000000,0.000000000000,0.000000000000,0.000000000000,0.000000000000,0.000000000000,0.000000000000,0.000000000000,0.000000000000,0.000000000000,0.000000000000,0.000000000000,0.000000000000,0.000000000000,0.000000000000,0.000000000000,0.000000000000,0.000000000000,0.000000000000,0.000000000000,0.000000000000,0.000000000000,0.000000000000,0.000000000000,0.000000000000,0.000000000000,0.000000000000,0.000000000000,0.000000000000,0.000000000000,0.000000000000
24,0.000000000000,0.000000000000,0.000000000000,0.000000000000,0.000000000000,0.000000000000,0.000000000000,0.000000000000,0.000000000000,0.000000000000,0.000000000000,0.000000000000,0.000000000000,0.000000000000,0.000000000000,0.000000000000,0.000000000000,0.000000000000,0.000000000000,0.000000000000,0.000000000000,0.000000000000,0.000000000000,0.000000000000,0.000000000000,0.000000000000,0.000000000000,0.000000000000,0.000000000000,0.000000000000,0.000000000000,0.000000000000,0.000000000000,0.000000000000,0.000000000000,0.000000000000,0.000000000000,0.000000000000,0.000000000000,0.000000000000,0.000000000000,0.000000000000,0.000000000000,0.000000000000,0.000000000000,0.000000000000,0.000000000000,0.000000000000,0.000000000000,0.000000000000,0.000000000000,0.000000000000,0.000000000000,0.000000000000,0.000000000000,0.000000000000,0.000000000000,0.000000000000,0.000000000000,0.000000000000,0.000000000000,0.000000000000,0.000000000000,0.000000000000,0.000000000000,0.000000000000,0.000000000000,0.000000000000,0.000000000000,0.000000000000,0.000000000000,0.000000000000,0.000000000000,0.000000000000,0.000000000000,0.000000000000
25,0.000000000000,0.000000000000,0.000000000000,0.000000000000,0.000000000000,0.000000000000,0.000000000000,0.000000000000,0.000000000000,0.000000000000,0.000000000000,0.000000000000,0.000000000000,0.000000000000,0.000000000000,0.000000000000,0.000000000000,0.000000000000,0.000000000000,0.000000000000,0.000000000000,0.000000000000,0.000000000000,0.000000000000,0.000000000000,0.000000000000,0.000000000000,0.000000000000,0.000000000000,0.000000000000,0.000000000000,0.000000000000,0.000000000000,0.000000000000,0.000000000000,0.000000000000,0.000000000000,0.000000000000,0.000000000000,0.000000000000,0.000000000000,0.000000000000,0.000000000000,0.000000000000,0.000000000000,0.000000000000,0.000000000000,0.000000000000,0.000000000000,0.000000000000,0.000000000000,0.000000000000,0.000000000000,0.000000000000,0.000000000000,0.000000000000,0.000000000000,0.000000000000,0.000000000000,0.000000000000,0.000000000000,0.000000000000,0.000000000000,0.000000000000,0.000000000000,0.000000000000,0.000000000000,0.000000000000,0.000000000000,0.000000000000,0.000000000000,0.000000000000,0.000000000000,0.000000000000,0.000000000000,0.000000000000
26,0.000000000000,0.000000000000,0.000000000000,0.000000000000,0.000000000000,0.000000000000,0.000000000000,0.000000000000,0.000000000000,0.000000000000,0.000000000000,0.000000000000,0.000000000000,0.000000000000,0.000000000000,0.000000000000,0.000000000000,0.000000000000,0.000000000000,0.000000000000,0.000000000000,0.000000000000,0.000000000000,0.000000000000,0.000000000000,0.000000000000,0.000000000000,0.000000000000,0.000000000000,0.000000000000,0.000000000000,0.000000000000,0.000000000000,0.000000000000,0.000000000000,0.000000000000,0.000000000000,0.000000000000,0.000000000000,0.000000000000,0.000000000000,0.000000000000,0.000000000000,0.000000000000,0.000000000000,0.000000000000,0.000000000000,0.000000000000,0.000000000000,0.000000000000,0.000000000000,0.000000000000,0.000000000000,0.000000000000,0.000000000000,0.000000000000,0.000000000000,0.000000000000,0.000000000000,0.000000000000,0.000000000000,0.000000000000,0.000000000000,0.000000000000,0.000000000000,0.000000000000,0.000000000000,0.000000000000,0.000000000000,0.000000000000,0.000000000000,0.000000000000,0.000000000000,0.000000000000,0.000000000000,0.000000000000
27,0.000000000000,0.000000000000,0.000000000000,0.000000000000,0.000000000000,0.000000000000,0.000000000000,0.000000000000,0.000000000000,0.000000000000,0.000000000000,0.000000000000,0.000000000000,0.000000000000,0.000000000000,0.000000000000,0.000000000000,0.000000000000,0.000000000000,0.000000000000,0.000000000000,0.000000000000,0.000000000000,0.000000000000,0.000000000000,0.000000000000,0.000000000000,0.000000000000,0.000000000000,0.000000000000,0.000000000000,0.000000000000,0.000000000000,0.000000000000,0.000000000000,0.000000000000,0.000000000000,0.000000000000,0.000000000000,0.000000000000,0.000000000000,0.000000000000,0.000000000000,0.000000000000,0.000000000000,0.000000000000,0.000000000000,0.000000000000,0.000000000000,0.000000000000,0.000000000000,0.000000000000,0.000000000000,0.000000000000,0.000000000000,0.000000000000,0.000000000000,0.000000000000,0.000000000000,0.000000000000,0.000000000000,0.000000000000,0.000000000000,0.000000000000,0.000000000000,0.000000000000,0.000000000000,0.000000000000,0.000000000000,0.000000000000,0.000000000000,0.000000000000,0.000000000000,0.000000000000,0.000000000000,0.000000000000
28,0.000000000000,0.000000000000,0.000000000000,0.000000000000,0.000000000000,0.000000000000,0.000000000000,0.000000000000,0.000000000000,0.000000000000,0.000000000000,0.000000000000,0.000000000000,0.000000000000,0.000000000000,0.000000000000,0.000000000000,0.000000000000,0.000000000000,0.000000000000,0.000000000000,0.000000000000,0.000000000000,0.000000000000,0.000000000000,0.000000000000,0.000000000000,0.000000000000,0.000000000000,0.000000000000,0.000000000000,0.000000000000,0.000000000000,0.000000000000,0.000000000000,0.000000000000,0.000000000000,0.000000000000,0.000000000000,0.000000000000,0.000000000000,0.000000000000,0.000000000000,0.000000000000,0.000000000000,0.000000000000,0.000000000000,0.000000000000,0.000000000000,0.000000000000,0.000000000000,0.000000000000,0.000000000000,0.000000000000,0.000000000000,0.000000000000,0.000000000000,0.000000000000,0.000000000000,0.000000000000,0.000000000000,0.000000000000,0.000000000000,0.000000000000,0.000000000000,0.000000000000,0.000000000000,0.000000000000,0.000000000000,0.000000000000,0.000000000000,0.000000000000,0.000000000000,0.000000000000,0.000000000000,0.000000000000
29,0.000000000000,0.000000000000,0.000000000000,0.000000000000,0.000000000000,0.000000000000,0.000000000000,0.000000000000,0.000000000000,0.000000000000,0.000000000000,0.000000000000,0.000000000000,0.000000000000,0.000000000000,0.000000000000,0.000000000000,0.000000000000,0.000000000000,0.000000000000,0.000000000000,0.000000000000,0.000000000000,0.000000000000,0.000000000000,0.000000000000,0.000000000000,0.000000000000,0.000000000000,0.000000000000,0.000000000000,0.000000000000,0.000000000000,0.000000000000,0.000000000000,0.000000000000,0.000000000000,0.000000000000,0.000000000000,0.000000000000,0.000000000000,0.000000000000,0.000000000000,0.000000000000,0.000000000000,0.000000000000,0.000000000000,0.000000000000,0.000000000000,0.000000000000,0.000000000000,0.000000000000,0.000000000000,0.000000000000,0.000000000000,0.000000000000,0.000000000000,0.000000000000,0.000000000000,0.000000000000,0.000000000000,0.000000000000,0.000000000000,0.000000000000,0.000000000000,0.000000000000,0.000000000000,0.000000000000,0.000000000000,0.000000000000,0.000000000000,0.000000000000,0.000000000000,0.000000000000,0.000000000000,0.000000000000
30,0.000000000000,0.000000000000,0.000000000000,0.000000000000,0.000000000000,0.000000000000,0.000000000000,0.000000000000,0.000000000000,0.000000000000,0.000000000000,0.000000000000,0.000000000000,0.000000000000,0.000000000000,0.000000000000,0.000000000000,0.000000000000,0.000000000000,0.000000000000,0.000000000000,0.000000000000,0.000000000000,0.000000000000,0.000000000000,0.000000000000,0.000000000000,0.000000000000,0.000000000000,0.000000000000,0.000000000000,0.000000000000,0.000000000000,0.000000000000,0.000000000000,0.000000000000,0.000000000000,0.000000000000,0.000000000000,0.000000000000,0.000000000000,0.000000000000,0.000000000000,0.000000000000,0.000000000000,0.000000000000,0.000000000000,0.000000000000,0.000000000000,0.000000000000,0.000000000000,0.000000000000,0.000000000000,0.000000000000,0.000000000000,0.000000000000,0.000000000000,0.000000000000,0.000000000000,0.000000000000,0.000000000000,0.000000000000,0.000000000000,0.000000000000,0.000000000000,0.000000000000,0.000000000000,0.000000000000,0.000000000000,0.000000000000,0.000000000000,0.000000000000,0.000000000000,0.000000000000,0.000000000000,0.000000000000
31,0.000000000000,0.000000000000,0.000000000000,0.000000000000,0.000000000000,0.000000000000,0.000000000000,0.000000000000,0.000000000000,0.000000000000,0.000000000000,0.000000000000,0.000000000000,0.000000000000,0.000000000000,0.000000000000,0.000000000000,0.000000000000,0.000000000000,0.000000000000,0.000000000000,0.000000000000,0.000000000000,0.000000000000,0.000000000000,0.000000000000,0.000000000000,0.000000000000,0.000000000000,0.000000000000,0.000000000000,0.000000000000,0.000000000000,0.000000000000,0.000000000000,0.000000000000,0.000000000000,0.000000000000,0.000000000000,0.000000000000,0.000000000000,0.000000000000,0.000000000000,0.000000000000,0.000000000000,0.000000000000,0.000000000000,0.000000000000,0.000000000000,0.000000000000,0.000000000000,0.000000000000,0.000000000000,0.000000000000,0.000000000000,0.000000000000,0.000000000000,0.000000000000,0.000000000000,0.000000000000,0.000000000000,0.000000000000,0.000000000000,0.000000000000,0.000000000000,0.000000000000,0.000000000000,0.000000000000,0.000000000000,0.000000000000,0.000000000000,0.000000000000,0.000000000000,0.000000000000,0.000000000000,0.000000000000
32,0.000000000000,0.000000000000,0.000000000000,0.000000000000,0.000000000000,0.000000000000,0.000000000000,0.000000000000,0.000000000000,0.000000000000,0.000000000000,0.000000000000,0.000000000000,0.000000000000,0.000000000000,0.000000000000,0.000000000000,0.000000000000,0.000000000000,0.000000000000,0.000000000000,0.000000000000,0.000000000000,0.000000000000,0.000000000000,0.000000000000,0.000000000000,0.000000000000,0.000000000000,0.000000000000,0.000000000000,0.000000000000,0.000000000000,0.000000000000,0.000000000000,0.000000000000,0.000000000000,0.000000000000,0.000000000000,0.000000000000,0.000000000000,0.000000000000,0.000000000000,0.000000000000,0.000000000000,0.000000000000,0.000000000000,0.000000000000,0.000000000000,0.000000000000,0.000000000000,0.000000000000,0.000000000000,0.000000000000,0.000000000000,0.000000000000,0.000000000000,0.000000000000,0.000000000000,0.000000000000,0.000000000000,0.000000000000,0.000000000000,0.000000000000,0.000000000000,0.000000000000,0.000000000000,0.000000000000,0.000000000000,0.000000000000,0.000000000000,0.000000000000,0.000000000000,0.000000000000,0.000000000000,0.000000000000
33,0.000000000000,0.000000000000,0.000000000000,0.000000000000,0.000000000000,0.000000000000,0.000000000000,0.000000000000,0.000000000000,0.000000000000,0.000000000000,0.000000000000,0.000000000000,0.000000000000,0.000000000000,0.000000000000,0.000000000000,0.000000000000,0.000000000000,0.000000000000,0.000000000000,0.000000000000,0.000000000000,0.000000000000,0.000000000000,0.000000000000,0.000000000000,0.000000000000,0.000000000000,0.000000000000,0.000000000000,0.000000000000,0.000000000000,0.000000000000,0.000000000000,0.000000000000,0.000000000000,0.000000000000,0.000000000000,0.000000000000,0.000000000000,0.000000000000,0.000000000000,0.000000000000,0.000000000000,0.000000000000,0.000000000000,0.000000000000,0.000000000000,0.000000000000,0.000000000000,0.000000000000,0.000000000000,0.000000000000,0.000000000000,0.000000000000,0.000000000000,0.000000000000,0.000000000000,0.000000000000,0.000000000000,0.000000000000,0.000000000000,0.000000000000,0.000000000000,0.000000000000,0.000000000000,0.000000000000,0.000000000000,0.000000000000,0.000000000000,0.000000000000,0.000000000000,0.000000000000,0.000000000000,0.000000000000
34,0.000000000000,0.000000000000,0.000000000000,0.000000000000,0.000000000000,0.000000000000,0.000000000000,0.000000000000,0.000000000000,0.000000000000,0.000000000000,0.000000000000,0.000000000000,0.000000000000,0.000000000000,0.000000000000,0.000000000000,0.000000000000,0.000000000000,0.000000000000,0.000000000000,0.000000000000,0.000000000000,0.000000000000,0.000000000000,0.000000000000,0.000000000000,0.000000000000,0.000000000000,0.000000000000,0.000000000000,0.000000000000,0.000000000000,0.000000000000,0.000000000000,0.000000000000,0.000000000000,0.000000000000,0.000000000000,0.000000000000,0.000000000000,0.000000000000,0.000000000000,0.000000000000,0.000000000000,0.000000000000,0.000000000000,0.000000000000,0.000000000000,0.000000000000,0.000000000000,0.000000000000,0.000000000000,0.000000000000,0.000000000000,0.000000000000,0.000000000000,0.000000000000,0.000000000000,0.000000000000,0.000000000000,0.000000000000,0.000000000000,0.000000000000,0.000000000000,0.000000000000,0.000000000000,0.000000000000,0.000000000000,0.000000000000,0.000000000000,0.000000000000,0.000000000000,0.000000000000,0.000000000000,0.000000000000
35,0.000000000000,0.000000000000,0.000000000000,0.000000000000,0.000000000000,0.000000000000,0.000000000000,0.000000000000,0.000000000000,0.000000000000,0.000000000000,0.000000000000,0.000000000000,0.000000000000,0.000000000000,0.000000000000,0.000000000000,0.000000000000,0.000000000000,0.000000000000,0.000000000000,0.000000000000,0.000000000000,0.000000000000,0.000000000000,0.000000000000,0.000000000000,0.000000000000,0.000000000000,0.000000000000,0.000000000000,0.000000000000,0.000000000000,0.000000000000,0.000000000000,0.000000000000,0.000000000000,0.000000000000,0.000000000000,0.000000000000,0.000000000000,0.000000000000,0.000000000000,0.000000000000,0.000000000000,0.000000000000,0.000000000000,0.000000000000,0.000000000000,0.000000000000,0.000000000000,0.000000000000,0.000000000000,0.000000000000,0.000000000000,0.000000000000,0.000000000000,0.000000000000,0.000000000000,0.000000000000,0.000000000000,0.000000000000,0.000000000000,0.000000000000,0.000000000000,0.000000000000,0.000000000000,0.000000000000,0.000000000000,0.000000000000,0.000000000000,0.000000000000,0.000000000000,0.000000000000,0.000000000000,0.000000000000
36,0.000000000000,0.000000000000,0.000000000000,0.000000000000,0.000000000000,0.000000000000,0.000000000000,0.000000000000,0.000000000000,0.000000000000,0.000000000000,0.000000000000,0.000000000000,0.000000000000,0.000000000000,0.000000000000,0.000000000000,0.000000000000,0.000000000000,0.000000000000,0.000000000000,0.000000000000,0.000000000000,0.000000000000,0.000000000000,0.000000000000,0.000000000000,0.000000000000,0.000000000000,0.000000000000,0.000000000000,0.000000000000,0.000000000000,0.000000000000,0.000000000000,0.000000000000,0.000000000000,0.000000000000,0.000000000000,0.000000000000,0.000000000000,0.000000000000,0.000000000000,0.000000000000,0.000000000000,0.000000000000,0.000000000000,0.000000000000,0.000000000000,0.000000000000,0.000000000000,0.000000000000,0.000000000000,0.000000000000,0.000000000000,0.000000000000,0.000000000000,0.000000000000,0.000000000000,0.000000000000,0.000000000000,0.000000000000,0.000000000000,0.000000000000,0.000000000000,0.000000000000,0.000000000000,0.000000000000,0.000000000000,0.000000000000,0.000000000000,0.000000000000,0.000000000000,0.000000000000,0.000000000000,0.000000000000
37,0.000000000000,0.000000000000,0.000000000000,0.000000000000,0.000000000000,0.000000000000,0.000000000000,0.000000000000,0.000000000000,0.000000000000,0.000000000000,0.000000000000,0.000000000000,0.000000000000,0.000000000000,0.000000000000,0.000000000000,0.000000000000,0.000000000000,0.000000000000,0.000000000000,0.000000000000,0.000000000000,0.000000000000,0.000000000000,0.000000000000,0.000000000000,0.000000000000,0.000000000000,0.000000000000,0.000000000000,0.000000000000,0.000000000000,0.000000000000,0.000000000000,0.000000000000,0.000000000000,0.000000000000,0.000000000000,0.000000000000,0.000000000000,0.000000000000,0.000000000000,0.000000000000,0.000000000000,0.000000000000,0.000000000000,0.000000000000,0.000000000000,0.000000000000,0.000000000000,0.000000000000,0.000000000000,0.000000000000,0.000000000000,0.000000000000,0.000000000000,0.000000000000,0.000000000000,0.000000000000,0.000000000000,0.000000000000,0.000000000000,0.000000000000,0.000000000000,0.000000000000,0.000000000000,0.000000000000,0.000000000000,0.000000000000,0.000000000000,0.000000000000,0.000000000000,0.000000000000,0.000000000000,0.000000000000
38,0.000000000000,0.000000000000,0.000000000000,0.000000000000,0.000000000000,0.000000000000,0.000000000000,0.000000000000,0.000000000000,0.000000000000,0.000000000000,0.000000000000,0.000000000000,0.000000000000,0.000000000000,0.000000000000,0.000000000000,0.000000000000,0.000000000000,0.000000000000,0.000000000000,0.000000000000,0.000000000000,0.000000000000,0.000000000000,0.000000000000,0.000000000000,0.000000000000,0.000000000000,0.000000000000,0.000000000000,0.000000000000,0.000000000000,0.000000000000,0.000000000000,0.000000000000,0.000000000000,0.000000000000,0.000000000000,0.000000000000,0.000000000000,0.000000000000,0.000000000000,0.000000000000,0.000000000000,0.000000000000,0.000000000000,0.000000000000,0.000000000000,0.000000000000,0.000000000000,0.000000000000,0.000000000000,0.000000000000,0.000000000000,0.000000000000,0.000000000000,0.000000000000,0.000000000000,0.000000000000,0.000000000000,0.000000000000,0.000000000000,0.000000000000,0.000000000000,0.000000000000,0.000000000000,0.000000000000,0.000000000000,0.000000000000,0.000000000000,0.000000000000,0.000000000000,0.000000000000,0.000000000000,0.000000000000
39,0.000000000000,0.000000000000,0.000000000000,0.000000000000,0.000000000000,0.000000000000,0.000000000000,0.000000000000,0.000000000000,0.000000000000,0.000000000000,0.000000000000,0.000000000000,0.000000000000,0.000000000000,0.000000000000,0.000000000000,0.000000000000,0.000000000000,0.000000000000,0.000000000000,0.000000000000,0.000000000000,0.000000000000,0.000000000000,0.000000000000,0.000000000000,0.000000000000,0.000000000000,0.000000000000,0.000000000000,0.000000000000,0.000000000000,0.000000000000,0.000000000000,0.000000000000,0.000000000000,0.000000000000,0.000000000000,0.000000000000,0.000000000000,0.000000000000,0.000000000000,0.000000000000,0.000000000000,0.000000000000,0.000000000000,0.000000000000,0.000000000000,0.000000000000,0.000000000000,0.000000000000,0.000000000000,0.000000000000,0.000000000000,0.000000000000,0.000000000000,0.000000000000,0.000000000000,0.000000000000,0.000000000000,0.000000000000,0.000000000000,0.000000000000,0.000000000000,0.000000000000,0.000000000000,0.000000000000,0.000000000000,0.000000000000,0.000000000000,0.000000000000,0.000000000000,0.000000000000,0.000000000000,0.000000000000
40,0.000000000000,0.000000000000,0.000000000000,0.000000000000,0.000000000000,0.000000000000,0.000000000000,0.000000000000,0.000000000000,0.000000000000,0.000000000000,0.000000000000,0.000000000000,0.000000000000,0.000000000000,0.000000000000,0.000000000000,0.000000000000,0.000000000000,0.000000000000,0.000000000000,0.000000000000,0.000000000000,0.000000000000,0.000000000000,0.000000000000,0.000000000000,0.000000000000,0.000000000000,0.000000000000,0.000000000000,0.000000000000,0.000000000000,0.000000000000,0.000000000000,0.000000000000,0.000000000000,0.000000000000,0.000000000000,0.000000000000,0.000000000000,0.000000000000,0.000000000000,0.000000000000,0.000000000000,0.000000000000,0.000000000000,0.000000000000,0.000000000000,0.000000000000,0.000000000000,0.000000000000,0.000000000000,0.000000000000,0.000000000000,0.000000000000,0.000000000000,0.000000000000,0.000000000000,0.000000000000,0.000000000000,0.000000000000,0.000000000000,0.000000000000,0.000000000000,0.000000000000,0.000000000000,0.000000000000,0.000000000000,0.000000000000,0.000000000000,0.000000000000,0.000000000000,0.000000000000,0.000000000000,0.000000000000
41,0.000000000000,0.000000000000,0.000000000000,0.000000000000,0.000000000000,0.000000000000,0.000000000000,0.000000000000,0.000000000000,0.000000000000,0.000000000000,0.000000000000,0.000000000000,0.000000000000,0.000000000000,0.000000000000,0.000000000000,0.000000000000,0.000000000000,0.000000000000,0.000000000000,0.000000000000,0.000000000000,0.000000000000,0.000000000000,0.000000000000,0.000000000000,0.000000000000,0.000000000000,0.000000000000,0.000000000000,0.000000000000,0.000000000000,0.000000000000,0.000000000000,0.000000000000,0.000000000000,0.000000000000,0.000000000000,0.000000000000,0.000000000000,0.000000000000,0.000000000000,0.000000000000,0.000000000000,0.000000000000,0.000000000000,0.000000000000,0.000000000000,0.000000000000,0.000000000000,0.000000000000,0.000000000000,0.000000000000,0.000000000000,0.000000000000,0.000000000000,0.000000000000,0.000000000000,0.000000000000,0.000000000000,0.000000000000,0.000000000000,0.000000000000,0.000000000000,0.000000000000,0.000000000000,0.000000000000,0.000000000000,0.000000000000,0.000000000000,0.000000000000,0.000000000000,0.000000000000,0.000000000000,0.000000000000
42,0.000000000000,0.000000000000,0.000000000000,0.000000000000,0.000000000000,0.000000000000,0.000000000000,0.000000000000,0.000000000000,0.000000000000,0.000000000000,0.000000000000,0.000000000000,0.000000000000,0.000000000000,0.000000000000,0.000000000000,0.000000000000,0.000000000000,0.000000000000,0.000000000000,0.000000000000,0.000000000000,0.000000000000,0.000000000000,0.000000000000,0.000000000000,0.000000000000,0.000000000000,0.000000000000,0.000000000000,0.000000000000,0.000000000000,0.000000000000,0.000000000000,0.000000000000,0.000000000000,0.000000000000,0.000000000000,0.000000000000,0.000000000000,0.000000000000,0.000000000000,0.000000000000,0.000000000000,0.000000000000,0.000000000000,0.000000000000,0.000000000000,0.000000000000,0.000000000000,0.000000000000,0.000000000000,0.000000000000,0.000000000000,0.000000000000,0.000000000000,0.000000000000,0.000000000000,0.000000000000,0.000000000000,0.000000000000,0.000000000000,0.000000000000,0.000000000000,0.000000000000,0.000000000000,0.000000000000,0.000000000000,0.000000000000,0.000000000000,0.000000000000,0.000000000000,0.000000000000,0.000000000000,0.000000000000
43,0.000000000000,0.000000000000,0.000000000000,0.000000000000,0.000000000000,0.000000000000,0.000000000000,0.000000000000,0.000000000000,0.000000000000,0.000000000000,0.000000000000,0.000000000000,0.000000000000,0.000000000000,0.000000000000,0.000000000000,0.000000000000,0.000000000000,0.000000000000,0.000000000000,0.000000000000,0.000000000000,0.000000000000,0.000000000000,0.000000000000,0.000000000000,0.000000000000,0.000000000000,0.000000000000,0.000000000000,0.000000000000,0.000000000000,0.000000000000,0.000000000000,0.000000000000,0.000000000000,0.000000000000,0.000000000000,0.000000000000,0.000000000000,0.000000000000,0.000000000000,0.000000000000,0.000000000000,0.000000000000,0.000000000000,0.000000000000,0.000000000000,0.000000000000,0.000000000000,0.000000000000,0.000000000000,0.000000000000,0.000000000000,0.000000000000,0.000000000000,0.000000000000,0.000000000000,0.000000000000,0.000000000000,0.000000000000,0.000000000000,0.000000000000,0.000000000000,0.000000000000,0.000000000000,0.000000000000,0.000000000000,0.000000000000,0.000000000000,0.000000000000,0.000000000000,0.000000000000,0.000000000000,0.000000000000
44,0.000000000000,0.000000000000,0.000000000000,0.000000000000,0.000000000000,0.000000000000,0.000000000000,0.000000000000,0.000000000000,0.000000000000,0.000000000000,0.000000000000,0.000000000000,0.000000000000,0.000000000000,0.000000000000,0.000000000000,0.000000000000,0.000000000000,0.000000000000,0.000000000000,0.000000000000,0.000000000000,0.000000000000,0.000000000000,0.000000000000,0.000000000000,0.000000000000,0.000000000000,0.000000000000,0.000000000000,0.000000000000,0.000000000000,0.000000000000,0.000000000000,0.000000000000,0.000000000000,0.000000000000,0.000000000000,0.000000000000,0.000000000000,0.000000000000,0.000000000000,0.000000000000,0.000000000000,0.000000000000,0.000000000000,0.000000000000,0.000000000000,0.000000000000,0.000000000000,0.000000000000,0.000000000000,0.000000000000,0.000000000000,0.000000000000,0.000000000000,0.000000000000,0.000000000000,0.000000000000,0.000000000000,0.000000000000,0.000000000000,0.000000000000,0.000000000000,0.000000000000,0.000000000000,0.000000000000,0.000000000000,0.000000000000,0.000000000000,0.000000000000,0.000000000000,0.000000000000,0.000000000000,0.000000000000
45,0.000000000000,0.000000000000,0.000000000000,0.000000000000,0.000000000000,0.000000000000,0.000000000000,0.000000000000,0.000000000000,0.000000000000,0.000000000000,0.000000000000,0.000000000000,0.000000000000,0.000000000000,0.000000000000,0.000000000000,0.000000000000,0.000000000000,0.000000000000,0.000000000000,0.000000000000,0.000000000000,0.000000000000,0.000000000000,0.000000000000,0.000000000000,0.000000000000,0.000000000000,0.000000000000,0.000000000000,0.000000000000,0.000000000000,0.000000000000,0.000000000000,0.000000000000,0.000000000000,0.000000000000,0.000000000000,0.000000000000,0.000000000000,0.000000000000,0.000000000000,0.000000000000,0.000000000000,0.000000000000,0.000000000000,0.000000000000,0.000000000000,0.000000000000,0.000000000000,0.000000000000,0.000000000000,0.000000000000,0.000000000000,0.000000000000,0.000000000000,0.000000000000,0.000000000000,0.000000000000,0.000000000000,0.000000000000,0.000000000000,0.000000000000,0.000000000000,0.000000000000,0.000000000000,0.000000000000,0.000000000000,0.000000000000,0.000000000000,0.000000000000,0.000000000000,0.000000000000,0.000000000000,0.000000000000
46,0.000000000000,0.000000000000,0.000000000000,0.000000000000,0.000000000000,0.000000000000,0.000000000000,0.000000000000,0.000000000000,0.000000000000,0.000000000000,0.000000000000,0.000000000000,0.000000000000,0.000000000000,0.000000000000,0.000000000000,0.000000000000,0.000000000000,0.000000000000,0.000000000000,0.000000000000,0.000000000000,0.000000000000,0.000000000000,0.000000000000,0.000000000000,0.000000000000,0.000000000000,0.000000000000,0.000000000000,0.000000000000,0.000000000000,0.000000000000,0.000000000000,0.000000000000,0.000000000000,0.000000000000,0.000000000000,0.000000000000,0.000000000000,0.000000000000,0.000000000000,0.000000000000,0.000000000000,0.000000000000,0.000000000000,0.000000000000,0.000000000000,0.000000000000,0.000000000000,0.000000000000,0.000000000000,0.000000000000,0.000000000000,0.000000000000,0.000000000000,0.000000000000,0.000000000000,0.000000000000,0.000000000000,0.000000000000,0.000000000000,0.000000000000,0.000000000000,0.000000000000,0.000000000000,0.000000000000,0.000000000000,0.000000000000,0.000000000000,0.000000000000,0.000000000000,0.000000000000,0.000000000000,0.000000000000
47,0.000000000000,0.000000000000,0.000000000000,0.000000000000,0.000000000000,0.000000000000,0.000000000000,0.000000000000,0.000000000000,0.000000000000,0.000000000000,0.000000000000,0.000000000000,0.000000000000,0.000000000000,0.000000000000,0.000000000000,0.000000000000,0.000000000000,0.000000000000,0.000000000000,0.000000000000,0.000000000000,0.000000000000,0.000000000000,0.000000000000,0.000000000000,0.000000000000,0.000000000000,0.000000000000,0.000000000000,0.000000000000,0.000000000000,0.000000000000,0.000000000000,0.000000000000,0.000000000000,0.000000000000,0.000000000000,0.000000000000,0.000000000000,0.000000000000,0.000000000000,0.000000000000,0.000000000000,0.000000000000,0.000000000000,0.000000000000,0.000000000000,0.000000000000,0.000000000000,0.000000000000,0.000000000000,0.000000000000,0.000000000000,0.000000000000,0.000000000000,0.000000000000,0.000000000000,0.000000000000,0.000000000000,0.000000000000,0.000000000000,0.000000000000,0.000000000000,0.000000000000,0.000000000000,0.000000000000,0.000000000000,0.000000000000,0.000000000000,0.000000000000,0.000000000000,0.000000000000,0.000000000000,0.000000000000
48,0.000000000000,0.000000000000,0.000000000000,0.000000000000,0.000000000000,0.000000000000,0.000000000000,0.000000000000,0.000000000000,0.000000000000,0.000000000000,0.000000000000,0.000000000000,0.000000000000,0.000000000000,0.000000000000,0.000000000000,0.000000000000,0.000000000000,0.000000000000,0.000000000000,0.000000000000,0.000000000000,0.000000000000,0.000000000000,0.000000000000,0.000000000000,0.000000000000,0.000000000000,0.000000000000,0.000000000000,0.000000000000,0.000000000000,0.000000000000,0.000000000000,0.000000000000,0.000000000000,0.000000000000,0.000000000000,0.000000000000,0.000000000000,0.000000000000,0.000000000000,0.000000000000,0.000000000000,0.000000000000,0.000000000000,0.000000000000,0.000000000000,0.000000000000,0.000000000000,0.000000000000,0.000000000000,0.000000000000,0.000000000000,0.000000000000,0.000000000000,0.000000000000,0.000000000000,0.000000000000,0.000000000000,0.000000000000,0.000000000000,0.000000000000,0.000000000000,0.000000000000,0.000000000000,0.000000000000,0.000000000000,0.000000000000,0.000000000000,0.000000000000,0.000000000000,0.000000000000,0.000000000000,0.000000000000
49,0.000000000000,0.000000000000,0.000000000000,0.000000000000,0.000000000000,0.000000000000,0.000000000000,0.000000000000,0.000000000000,0.000000000000,0.000000000000,0.000000000000,0.000000000000,0.000000000000,0.000000000000,0.000000000000,0.000000000000,0.000000000000,0.000000000000,0.000000000000,0.000000000000,0.000000000000,0.000000000000,0.000000000000,0.000000000000,0.000000000000,0.000000000000,0.000000000000,0.000000000000,0.000000000000,0.000000000000,0.000000000000,0.000000000000,0.000000000000,0.000000000000,0.000000000000,0.000000000000,0.000000000000,0.000000000000,0.000000000000,0.000000000000,0.000000000000,0.000000000000,0.000000000000,0.000000000000,0.000000000000,0.000000000000,0.000000000000,0.000000000000,0.000000000000,0.000000000000,0.000000000000,0.000000000000,0.000000000000,0.000000000000,0.000000000000,0.000000000000,0.000000000000,0.000000000000,0.000000000000,0.000000000000,0.000000000000,0.000000000000,0.000000000000,0.000000000000,0.000000000000,0.000000000000,0.000000000000,0.000000000000,0.000000000000,0.000000000000,0.000000000000,0.000000000000,0.000000000000,0.000000000000,0.000000000000
50,0.000000000000,0.000000000000,0.000000000000,0.000000000000,0.000000000000,0.000000000000,0.000000000000,0.000000000000,0.000000000000,0.000000000000,0.000000000000,0.000000000000,0.000000000000,0.000000000000,0.000000000000,0.000000000000,0.000000000000,0.000000000000,0.000000000000,0.000000000000,0.000000000000,0.000000000000,0.000000000000,0.000000000000,0.000000000000,0.000000000000,0.000000000000,0.000000000000,0.000000000000,0.000000000000,0.000000000000,0.000000000000,0.000000000000,0.000000000000,0.000000000000,0.000000000000,0.000000000000,0.000000000000,0.000000000000,0.000000000000,0.000000000000,0.000000000000,0.000000000000,0.000000000000,0.000000000000,0.000000000000,0.000000000000,0.000000000000,0.000000000000,0.000000000000,0.000000000000,0.000000000000,0.000000000000,0.000000000000,0.000000000000,0.000000000000,0.000000000000,0.000000000000,0.000000000000,0.000000000000,0.000000000000,0.000000000000,0.000000000000,0.000000000000,0.000000000000,0.000000000000,0.000000000000,0.000000000000,0.000000000000,0.000000000000,0.000000000000,0.000000000000,0.000000000000,0.000000000000,0.000000000000,0.000000000000
51,0.000000000000,0.000000000000,0.000000000000,0.000000000000,0.000000000000,0.000000000000,0.000000000000,0.000000000000,0.000000000000,0.000000000000,0.000000000000,0.000000000000,0.000000000000,0.000000000000,0.000000000000,0.000000000000,0.000000000000,0.000000000000,0.000000000000,0.000000000000,0.000000000000,0.000000000000,0.000000000000,0.000000000000,0.000000000000,0.000000000000,0.000000000000,0.000000000000,0.000000000000,0.000000000000,0.000000000000,0.000000000000,0.000000000000,0.000000000000,0.000000000000,0.000000000000,0.000000000000,0.000000000000,0.000000000000,0.000000000000,0.000000000000,0.000000000000,0.000000000000,0.000000000000,0.000000000000,0.000000000000,0.000000000000,0.000000000000,0.000000000000,0.000000000000,0.000000000000,0.000000000000,0.000000000000,0.000000000000,0.000000000000,0.000000000000,0.000000000000,0.000000000000,0.000000000000,0.000000000000,0.000000000000,0.000000000000,0.000000000000,0.000000000000,0.000000000000,0.000000000000,0.000000000000,0.000000000000,0.000000000000,0.000000000000,0.000000000000,0.000000000000,0.000000000000,0.000000000000,0.000000000000,0.000000000000
52,0.000000000000,0.000000000000,0.000000000000,0.000000000000,0.000000000000,0.000000000000,0.000000000000,0.000000000000,0.000000000000,0.000000000000,0.000000000000,0.000000000000,0.000000000000,0.000000000000,0.000000000000,0.000000000000,0.000000000000,0.000000000000,0.000000000000,0.000000000000,0.000000000000,0.000000000000,0.000000000000,0.000000000000,0.000000000000,0.000000000000,0.000000000000,0.000000000000,0.000000000000,0.000000000000,0.000000000000,0.000000000000,0.000000000000,0.000000000000,0.000000000000,0.000000000000,0.000000000000,0.000000000000,0.000000000000,0.000000000000,0.000000000000,0.000000000000,0.000000000000,0.000000000000,0.000000000000,0.000000000000,0.000000000000,0.000000000000,0.000000000000,0.000000000000,0.000000000000,0.000000000000,0.000000000000,0.000000000000,0.000000000000,0.000000000000,0.000000000000,0.000000000000,0.000000000000,0.000000000000,0.000000000000,0.000000000000,0.000000000000,0.000000000000,0.000000000000,0.000000000000,0.000000000000,0.000000000000,0.000000000000,0.000000000000,0.000000000000,0.000000000000,0.000000000000,0.000000000000,0.000000000000,0.000000000000
53,0.000000000000,0.000000000000,0.000000000000,0.000000000000,0.000000000000,0.000000000000,0.000000000000,0.000000000000,0.000000000000,0.000000000000,0.000000000000,0.000000000000,0.000000000000,0.000000000000,0.000000000000,0.000000000000,0.000000000000,0.000000000000,0.000000000000,0.000000000000,0.000000000000,0.000000000000,0.000000000000,0.000000000000,0.000000000000,0.000000000000,0.000000000000,0.000000000000,0.000000000000,0.000000000000,0.000000000000,0.000000000000,0.000000000000,0.000000000000,0.000000000000,0.000000000000,0.000000000000,0.000000000000,0.000000000000,0.000000000000,0.000000000000,0.000000000000,0.000000000000,0.000000000000,0.000000000000,0.000000000000,0.000000000000,0.000000000000,0.000000000000,0.000000000000,0.000000000000,0.000000000000,0.000000000000,0.000000000000,0.000000000000,0.000000000000,0.000000000000,0.000000000000,0.000000000000,0.000000000000,0.000000000000,0.000000000000,0.000000000000,0.000000000000,0.000000000000,0.000000000000,0.000000000000,0.000000000000,0.000000000000,0.000000000000,0.000000000000,0.000000000000,0.000000000000,0.000000000000,0.000000000000,0.000000000000
54,0.000000000000,0.000000000000,0.000000000000,0.000000000000,0.000000000000,0.000000000000,0.000000000000,0.000000000000,0.000000000000,0.000000000000,0.000000000000,0.000000000000,0.000000000000,0.000000000000,0.000000000000,0.000000000000,0.000000000000,0.000000000000,0.000000000000,0.000000000000,0.000000000000,0.000000000000,0.000000000000,0.000000000000,0.000000000000,0.000000000000,0.000000000000,0.000000000000,0.000000000000,0.000000000000,0.000000000000,0.000000000000,0.000000000000,0.000000000000,0.000000000000,0.000000000000,0.000000000000,0.000000000000,0.000000000000,0.000000000000,0.000000000000,0.000000000000,0.000000000000,0.000000000000,0.000000000000,0.000000000000,0.000000000000,0.000000000000,0.000000000000,0.000000000000,0.000000000000,0.000000000000,0.000000000000,0.000000000000,0.000000000000,0.000000000000,0.000000000000,0.000000000000,0.000000000000,0.000000000000,0.000000000000,0.000000000000,0.000000000000,0.000000000000,0.000000000000,0.000000000000,0.000000000000,0.000000000000,0.000000000000,0.000000000000,0.000000000000,0.000000000000,0.000000000000,0.000000000000,0.000000000000,0.000000000000
55,0.000000000000,0.000000000000,0.000000000000,0.000000000000,0.000000000000,0.000000000000,0.000000000000,0.000000000000,0.000000000000,0.000000000000,0.000000000000,0.000000000000,0.000000000000,0.000000000000,0.000000000000,0.000000000000,0.000000000000,0.000000000000,0.000000000000,0.000000000000,0.000000000000,0.000000000000,0.000000000000,0.000000000000,0.000000000000,0.000000000000,0.000000000000,0.000000000000,0.000000000000,0.000000000000,0.000000000000,0.000000000000,0.000000000000,0.000000000000,0.000000000000,0.000000000000,0.000000000000,0.000000000000,0.000000000000,0.000000000000,0.000000000000,0.000000000000,0.000000000000,0.000000000000,0.000000000000,0.000000000000,0.000000000000,0.000000000000,0.000000000000,0.000000000000,0.000000000000,0.000000000000,0.000000000000,0.000000000000,0.000000000000,0.000000000000,0.000000000000,0.000000000000,0.000000000000,0.000000000000,0.000000000000,0.000000000000,0.000000000000,0.000000000000,0.000000000000,0.000000000000,0.000000000000,0.000000000000,0.000000000000,0.000000000000,0.000000000000,0.000000000000,0.000000000000,0.000000000000,0.000000000000,0.000000000000
56,0.000000000000,0.000000000000,0.000000000000,0.000000000000,0.000000000000,0.000000000000,0.000000000000,0.000000000000,0.000000000000,0.000000000000,0.000000000000,0.000000000000,0.000000000000,0.000000000000,0.000000000000,0.000000000000,0.000000000000,0.000000000000,0.000000000000,0.000000000000,0.000000000000,0.000000000000,0.000000000000,0.000000000000,0.000000000000,0.000000000000,0.000000000000,0.000000000000,0.000000000000,0.000000000000,0.000000000000,0.000000000000,0.000000000000,0.000000000000,0.000000000000,0.000000000000,0.000000000000,0.000000000000,0.000000000000,0.000000000000,0.000000000000,0.000000000000,0.000000000000,0.000000000000,0.000000000000,0.000000000000,0.000000000000,0.000000000000,0.000000000000,0.000000000000,0.000000000000,0.000000000000,0.000000000000,0.000000000000,0.000000000000,0.000000000000,0.000000000000,0.000000000000,0.000000000000,0.000000000000,0.000000000000,0.000000000000,0.000000000000,0.000000000000,0.000000000000,0.000000000000,0.000000000000,0.000000000000,0.000000000000,0.000000000000,0.000000000000,0.000000000000,0.000000000000,0.000000000000,0.000000000000,0.000000000000
57,0.000000000000,0.000000000000,0.000000000000,0.000000000000,0.000000000000,0.000000000000,0.000000000000,0.000000000000,0.000000000000,0.000000000000,0.000000000000,0.000000000000,0.000000000000,0.000000000000,0.000000000000,0.000000000000,0.000000000000,0.000000000000,0.000000000000,0.000000000000,0.000000000000,0.000000000000,0.000000000000,0.000000000000,0.000000000000,0.000000000000,0.000000000000,0.000000000000,0.000000000000,0.000000000000,0.000000000000,0.000000000000,0.000000000000,0.000000000000,0.000000000000,0.000000000000,0.000000000000,0.000000000000,0.000000000000,0.000000000000,0.000000000000,0.000000000000,0.000000000000,0.000000000000,0.000000000000,0.000000000000,0.000000000000,0.000000000000,0.000000000000,0.000000000000,0.000000000000,0.000000000000,0.000000000000,0.000000000000,0.000000000000,0.000000000000,0.000000000000,0.000000000000,0.000000000000,0.000000000000,0.000000000000,0.000000000000,0.000000000000,0.000000000000,0.000000000000,0.000000000000,0.000000000000,0.000000000000,0.000000000000,0.000000000000,0.000000000000,0.000000000000,0.000000000000,0.000000000000,0.000000000000,0.000000000000
58,0.000000000000,0.000000000000,0.000000000000,0.000000000000,0.000000000000,0.000000000000,0.000000000000,0.000000000000,0.000000000000,0.000000000000,0.000000000000,0.000000000000,0.000000000000,0.000000000000,0.000000000000,0.000000000000,0.000000000000,0.000000000000,0.000000000000,0.000000000000,0.000000000000,0.000000000000,0.000000000000,0.000000000000,0.000000000000,0.000000000000,0.000000000000,0.000000000000,0.000000000000,0.000000000000,0.000000000000,0.000000000000,0.000000000000,0.000000000000,0.000000000000,0.000000000000,0.000000000000,0.000000000000,0.000000000000,0.000000000000,0.000000000000,0.000000000000,0.000000000000,0.000000000000,0.000000000000,0.000000000000,0.000000000000,0.000000000000,0.000000000000,0.000000000000,0.000000000000,0.000000000000,0.000000000000,0.000000000000,0.000000000000,0.000000000000,0.000000000000,0.000000000000,0.000000000000,0.000000000000,0.000000000000,0.000000000000,0.000000000000,0.000000000000,0.000000000000,0.000000000000,0.000000000000,0.000000000000,0.000000000000,0.000000000000,0.000000000000,0.000000000000,0.000000000000,0.000000000000,0.000000000000,0.000000000000
59,0.000000000000,0.000000000000,0.000000000000,0.000000000000,0.000000000000,0.000000000000,0.000000000000,0.000000000000,0.000000000000,0.000000000000,0.000000000000,0.000000000000,0.000000000000,0.000000000000,0.000000000000,0.000000000000,0.000000000000,0.000000000000,0.000000000000,0.000000000000,0.000000000000,0.000000000000,0.000000000000,0.000000000000,0.000000000000,0.000000000000,0.000000000000,0.000000000000,0.000000000000,0.000000000000,0.000000000000,0.000000000000,0.000000000000,0.000000000000,0.000000000000,0.000000000000,0.000000000000,0.000000000000,0.000000000000,0.000000000000,0.000000000000,0.000000000000,0.000000000000,0.000000000000,0.000000000000,0.000000000000,0.000000000000,0.000000000000,0.000000000000,0.000000000000,0.000000000000,0.000000000000,0.000000000000,0.000000000000,0.000000000000,0.000000000000,0.000000000000,0.000000000000,0.000000000000,0.000000000000,0.000000000000,0.000000000000,0.000000000000,0.000000000000,0.000000000000,0.000000000000,0.000000000000,0.000000000000,0.000000000000,0.000000000000,0.000000000000,0.000000000000,0.000000000000,0.000000000000,0.000000000000,0.000000000000
60,0.000000000000,0.000000000000,0.000000000000,0.000000000000,0.000000000000,0.000000000000,0.000000000000,0.000000000000,0.000000000000,0.000000000000,0.000000000000,0.000000000000,0.000000000000,0.000000000000,0.000000000000,0.000000000000,0.000000000000,0.000000000000,0.000000000000,0.000000000000,0.000000000000,0.000000000000,0.000000000000,0.000000000000,0.000000000000,0.000000000000,0.000000000000,0.000000000000,0.000000000000,0.000000000000,0.000000000000,0.000000000000,0.000000000000,0.000000000000,0.000000000000,0.000000000000,0.000000000000,0.000000000000,0.000000000000,0.000000000000,0.000000000000,0.000000000000,0.000000000000,0.000000000000,0.000000000000,0.000000000000,0.000000000000,0.000000000000,0.000000000000,0.000000000000,0.000000000000,0.000000000000,0.000000000000,0.000000000000,0.000000000000,0.000000000000,0.000000000000,0.000000000000,0.000000000000,0.000000000000,0.000000000000,0.000000000000,0.000000000000,0.000000000000,0.000000000000,0.000000000000,0.000000000000,0.000000000000,0.000000000000,0.000000000000,0.000000000000,0.000000000000,0.000000000000,0.000000000000,0.000000000000,0.000000000000
61,0.000000000000,0.000000000000,0.000000000000,0.000000000000,0.000000000000,0.000000000000,0.000000000000,0.000000000000,0.000000000000,0.000000000000,0.000000000000,0.000000000000,0.000000000000,0.000000000000,0.000000000000,0.000000000000,0.000000000000,0.000000000000,0.000000000000,0.000000000000,0.000000000000,0.000000000000,0.000000000000,0.000000000000,0.000000000000,0.000000000000,0.000000000000,0.000000000000,0.000000000000,0.000000000000,0.000000000000,0.000000000000,0.000000000000,0.000000000000,0.000000000000,0.000000000000,0.000000000000,0.000000000000,0.000000000000,0.000000000000,0.000000000000,0.000000000000,0.000000000000,0.000000000000,0.000000000000,0.000000000000,0.000000000000,0.000000000000,0.000000000000,0.000000000000,0.000000000000,0.000000000000,0.000000000000,0.000000000000,0.000000000000,0.000000000000,0.000000000000,0.000000000000,0.000000000000,0.000000000000,0.000000000000,0.000000000000,0.000000000000,0.000000000000,0.000000000000,0.000000000000,0.000000000000,0.000000000000,0.000000000000,0.000000000000,0.000000000000,0.000000000000,0.000000000000,0.000000000000,0.000000000000,0.000000000000
62,0.000000000000,0.000000000000,0.000000000000,0.000000000000,0.000000000000,0.000000000000,0.000000000000,0.000000000000,0.000000000000,0.000000000000,0.000000000000,0.000000000000,0.000000000000,0.000000000000,0.000000000000,0.000000000000,0.000000000000,0.000000000000,0.000000000000,0.000000000000,0.000000000000,0.000000000000,0.000000000000,0.000000000000,0.000000000000,0.000000000000,0.000000000000,0.000000000000,0.000000000000,0.000000000000,0.000000000000,0.000000000000,0.000000000000,0.000000000000,0.000000000000,0.000000000000,0.000000000000,0.000000000000,0.000000000000,0.000000000000,0.000000000000,0.000000000000,0.000000000000,0.000000000000,0.000000000000,0.000000000000,0.000000000000,0.000000000000,0.000000000000,0.000000000000,0.000000000000,0.000000000000,0.000000000000,0.000000000000,0.000000000000,0.000000000000,0.000000000000,0.000000000000,0.000000000000,0.000000000000,0.000000000000,0.000000000000,0.000000000000,0.000000000000,0.000000000000,0.000000000000,0.000000000000,0.000000000000,0.000000000000,0.000000000000,0.000000000000,0.000000000000,0.000000000000,0.000000000000,0.000000000000,0.000000000000
63,0.000000000000,0.000000000000,0.000000000000,0.000000000000,0.000000000000,0.000000000000,0.000000000000,0.000000000000,0.000000000000,0.000000000000,0.000000000000,0.000000000000,0.000000000000,0.000000000000,0.000000000000,0.000000000000,0.000000000000,0.000000000000,0.000000000000,0.000000000000,0.000000000000,0.000000000000,0.000000000000,0.000000000000,0.000000000000,0.000000000000,0.000000000000,0.000000000000,0.000000000000,0.000000000000,0.000000000000,0.000000000000,0.000000000000,0.000000000000,0.000000000000,0.000000000000,0.000000000000,0.000000000000,0.000000000000,0.000000000000,0.000000000000,0.000000000000,0.000000000000,0.000000000000,0.000000000000,0.000000000000,0.000000000000,0.000000000000,0.000000000000,0.000000000000,0.000000000000,0.000000000000,0.000000000000,0.000000000000,0.000000000000,0.000000000000,0.000000000000,0.000000000000,0.000000000000,0.000000000000,0.000000000000,0.000000000000,0.000000000000,0.000000000000,0.000000000000,0.000000000000,0.000000000000,0.000000000000,0.000000000000,0.000000000000,0.000000000000,0.000000000000,0.000000000000,0.000000000000,0.000000000000,0.000000000000
64,0.000000000000,0.000000000000,0.000000000000,0.000000000000,0.000000000000,0.000000000000,0.000000000000,0.000000000000,0.000000000000,0.000000000000,0.000000000000,0.000000000000,0.000000000000,0.000000000000,0.000000000000,0.000000000000,0.000000000000,0.000000000000,0.000000000000,0.000000000000,0.000000000000,0.000000000000,0.000000000000,0.000000000000,0.000000000000,0.000000000000,0.000000000000,0.000000000000,0.000000000000,0.000000000000,0.000000000000,0.000000000000,0.000000000000,0.000000000000,0.000000000000,0.000000000000,0.000000000000,0.000000000000,0.000000000000,0.000000000000,0.000000000000,0.000000000000,0.000000000000,0.000000000000,0.000000000000,0.000000000000,0.000000000000,0.000000000000,0.000000000000,0.000000000000,0.000000000000,0.000000000000,0.000000000000,0.000000000000,0.000000000000,0.000000000000,0.000000000000,0.000000000000,0.000000000000,0.000000000000,0.000000000000,0.000000000000,0.000000000000,0.000000000000,0.000000000000,0.000000000000,0.000000000000,0.000000000000,0.000000000000,0.000000000000,0.000000000000,0.000000000000,0.000000000000,0.000000000000,0.000000000000,0.000000000000
65,0.000000000000,0.000000000000,0.000000000000,0.000000000000,0.000000000000,0.000000000000,0.000000000000,0.000000000000,0.000000000000,0.000000000000,0.000000000000,0.000000000000,0.000000000000,0.000000000000,0.000000000000,0.000000000000,0.000000000000,0.000000000000,0.000000000000,0.000000000000,0.000000000000,0.000000000000,0.000000000000,0.000000000000,0.000000000000,0.000000000000,0.000000000000,0.000000000000,0.000000000000,0.000000000000,0.000000000000,0.000000000000,0.000000000000,0.000000000000,0.000000000000,0.000000000000,0.000000000000,0.000000000000,0.000000000000,0.000000000000,0.000000000000,0.000000000000,0.000000000000,0.000000000000,0.000000000000,0.000000000000,0.000000000000,0.000000000000,0.000000000000,0.000000000000,0.000000000000,0.000000000000,0.000000000000,0.000000000000,0.000000000000,0.000000000000,0.000000000000,0.000000000000,0.000000000000,0.000000000000,0.000000000000,0.000000000000,0.000000000000,0.000000000000,0.000000000000,0.000000000000,0.000000000000,0.000000000000,0.000000000000,0.000000000000,0.000000000000,0.000000000000,0.000000000000,0.000000000000,0.000000000000,0.000000000000
66,0.000000000000,0.000000000000,0.000000000000,0.000000000000,0.000000000000,0.000000000000,0.000000000000,0.000000000000,0.000000000000,0.000000000000,0.000000000000,0.000000000000,0.000000000000,0.000000000000,0.000000000000,0.000000000000,0.000000000000,0.000000000000,0.000000000000,0.000000000000,0.000000000000,0.000000000000,0.000000000000,0.000000000000,0.000000000000,0.000000000000,0.000000000000,0.000000000000,0.000000000000,0.000000000000,0.000000000000,0.000000000000,0.000000000000,0.000000000000,0.000000000000,0.000000000000,0.000000000000,0.000000000000,0.000000000000,0.000000000000,0.000000000000,0.000000000000,0.000000000000,0.000000000000,0.000000000000,0.000000000000,0.000000000000,0.000000000000,0.000000000000,0.000000000000,0.000000000000,0.000000000000,0.000000000000,0.000000000000,0.000000000000,0.000000000000,0.000000000000,0.000000000000,0.000000000000,0.000000000000,0.000000000000,0.000000000000,0.000000000000,0.000000000000,0.000000000000,0.000000000000,0.000000000000,0.000000000000,0.000000000000,0.000000000000,0.000000000000,0.000000000000,0.000000000000,0.000000000000,0.000000000000,0.000000000000
67,0.000000000000,0.000000000000,0.000000000000,0.000000000000,0.000000000000,0.000000000000,0.000000000000,0.000000000000,0.000000000000,0.000000000000,0.000000000000,0.000000000000,0.000000000000,0.000000000000,0.000000000000,0.000000000000,0.000000000000,0.000000000000,0.000000000000,0.000000000000,0.000000000000,0.000000000000,0.000000000000,0.000000000000,0.000000000000,0.000000000000,0.000000000000,0.000000000000,0.000000000000,0.000000000000,0.000000000000,0.000000000000,0.000000000000,0.000000000000,0.000000000000,0.000000000000,0.000000000000,0.000000000000,0.000000000000,0.000000000000,0.000000000000,0.000000000000,0.000000000000,0.000000000000,0.000000000000,0.000000000000,0.000000000000,0.000000000000,0.000000000000,0.000000000000,0.000000000000,0.000000000000,0.000000000000,0.000000000000,0.000000000000,0.000000000000,0.000000000000,0.000000000000,0.000000000000,0.000000000000,0.000000000000,0.000000000000,0.000000000000,0.000000000000,0.000000000000,0.000000000000,0.000000000000,0.000000000000,0.000000000000,0.000000000000,0.000000000000,0.000000000000,0.000000000000,0.000000000000,0.000000000000,0.000000000000
68,0.000000000000,0.000000000000,0.000000000000,0.000000000000,0.000000000000,0.000000000000,0.000000000000,0.000000000000,0.000000000000,0.000000000000,0.000000000000,0.000000000000,0.000000000000,0.000000000000,0.000000000000,0.000000000000,0.000000000000,0.000000000000,0.000000000000,0.000000000000,0.000000000000,0.000000000000,0.000000000000,0.000000000000,0.000000000000,0.000000000000,0.000000000000,0.000000000000,0.000000000000,0.000000000000,0.000000000000,0.000000000000,0.000000000000,0.000000000000,0.000000000000,0.000000000000,0.000000000000,0.000000000000,0.000000000000,0.000000000000,0.000000000000,0.000000000000,0.000000000000,0.000000000000,0.000000000000,0.000000000000,0.000000000000,0.000000000000,0.000000000000,0.000000000000,0.000000000000,0.000000000000,0.000000000000,0.000000000000,0.000000000000,0.000000000000,0.000000000000,0.000000000000,0.000000000000,0.000000000000,0.000000000000,0.000000000000,0.000000000000,0.000000000000,0.000000000000,0.000000000000,0.000000000000,0.000000000000,0.000000000000,0.000000000000,0.000000000000,0.000000000000,0.000000000000,0.000000000000,0.000000000000,0.000000000000
69,0.000000000000,0.000000000000,0.000000000000,0.000000000000,0.000000000000,0.000000000000,0.000000000000,0.000000000000,0.000000000000,0.000000000000,0.000000000000,0.000000000000,0.000000000000,0.000000000000,0.000000000000,0.000000000000,0.000000000000,0.000000000000,0.000000000000,0.000000000000,0.000000000000,0.000000000000,0.000000000000,0.000000000000,0.000000000000,0.000000000000,0.000000000000,0.000000000000,0.000000000000,0.000000000000,0.000000000000,0.000000000000,0.000000000000,0.000000000000,0.000000000000,0.000000000000,0.000000000000,0.000000000000,0.000000000000,0.000000000000,0.000000000000,0.000000000000,0.000000000000,0.000000000000,0.000000000000,0.000000000000,0.000000000000,0.000000000000,0.000000000000,0.000000000000,0.000000000000,0.000000000000,0.000000000000,0.000000000000,0.000000000000,0.000000000000,0.000000000000,0.000000000000,0.000000000000,0.000000000000,0.000000000000,0.000000000000,0.000000000000,0.000000000000,0.000000000000,0.000000000000,0.000000000000,0.000000000000,0.000000000000,0.000000000000,0.000000000000,0.000000000000,0.000000000000,0.000000000000,0.000000000000,0.000000000000
70,0.000000000000,0.000000000000,0.000000000000,0.000000000000,0.000000000000,0.000000000000,0.000000000000,0.000000000000,0.000000000000,0.000000000000,0.000000000000,0.000000000000,0.000000000000,0.000000000000,0.000000000000,0.000000000000,0.000000000000,0.000000000000,0.000000000000,0.000000000000,0.000000000000,0.000000000000,0.000000000000,0.000000000000,0.000000000000,0.000000000000,0.000000000000,0.000000000000,0.000000000000,0.000000000000,0.000000000000,0.000000000000,0.000000000000,0.000000000000,0.000000000000,0.000000000000,0.000000000000,0.000000000000,0.000000000000,0.000000000000,0.000000000000,0.000000000000,0.000000000000,0.000000000000,0.000000000000,0.000000000000,0.000000000000,0.000000000000,0.000000000000,0.000000000000,0.000000000000,0.000000000000,0.000000000000,0.000000000000,0.000000000000,0.000000000000,0.000000000000,0.000000000000,0.000000000000,0.000000000000,0.000000000000,0.000000000000,0.000000000000,0.000000000000,0.000000000000,0.000000000000,0.000000000000,0.000000000000,0.000000000000,0.000000000000,0.000000000000,0.000000000000,0.000000000000,0.000000000000,0.000000000000,0.000000000000
71,0.000000000000,0.000000000000,0.000000000000,0.000000000000,0.000000000000,0.000000000000,0.000000000000,0.000000000000,0.000000000000,0.000000000000,0.000000000000,0.000000000000,0.000000000000,0.000000000000,0.000000000000,0.000000000000,0.000000000000,0.000000000000,0.000000000000,0.000000000000,0.000000000000,0.000000000000,0.000000000000,0.000000000000,0.000000000000,0.000000000000,0.000000000000,0.000000000000,0.000000000000,0.000000000000,0.000000000000,0.000000000000,0.000000000000,0.000000000000,0.000000000000,0.000000000000,0.000000000000,0.000000000000,0.000000000000,0.000000000000,0.000000000000,0.000000000000,0.000000000000,0.000000000000,0.000000000000,0.000000000000,0.000000000000,0.000000000000,0.000000000000,0.000000000000,0.000000000000,0.000000000000,0.000000000000,0.000000000000,0.000000000000,0.000000000000,0.000000000000,0.000000000000,0.000000000000,0.000000000000,0.000000000000,0.000000000000,0.000000000000,0.000000000000,0.000000000000,0.000000000000,0.000000000000,0.000000000000,0.000000000000,0.000000000000,0.000000000000,0.000000000000,0.000000000000,0.000000000000,0.000000000000,0.000000000000
72,0.000000000000,0.000000000000,0.000000000000,0.000000000000,0.000000000000,0.000000000000,0.000000000000,0.000000000000,0.000000000000,0.000000000000,0.000000000000,0.000000000000,0.000000000000,0.000000000000,0.000000000000,0.000000000000,0.000000000000,0.000000000000,0.000000000000,0.000000000000,0.000000000000,0.000000000000,0.000000000000,0.000000000000,0.000000000000,0.000000000000,0.000000000000,0.000000000000,0.000000000000,0.000000000000,0.000000000000,0.000000000000,0.000000000000,0.000000000000,0.000000000000,0.000000000000,0.000000000000,0.000000000000,0.000000000000,0.000000000000,0.000000000000,0.000000000000,0.000000000000,0.000000000000,0.000000000000,0.000000000000,0.000000000000,0.000000000000,0.000000000000,0.000000000000,0.000000000000,0.000000000000,0.000000000000,0.000000000000,0.000000000000,0.000000000000,0.000000000000,0.000000000000,0.000000000000,0.000000000000,0.000000000000,0.000000000000,0.000000000000,0.000000000000,0.000000000000,0.000000000000,0.000000000000,0.000000000000,0.000000000000,0.000000000000,0.000000000000,0.000000000000,0.000000000000,0.000000000000,0.000000000000,0.000000000000
73,0.000000000000,0.000000000000,0.000000000000,0.000000000000,0.000000000000,0.000000000000,0.000000000000,0.000000000000,0.000000000000,0.000000000000,0.000000000000,0.000000000000,0.000000000000,0.000000000000,0.000000000000,0.000000000000,0.000000000000,0.000000000000,0.000000000000,0.000000000000,0.000000000000,0.000000000000,0.000000000000,0.000000000000,0.000000000000,0.000000000000,0.000000000000,0.000000000000,0.000000000000,0.000000000000,0.000000000000,0.000000000000,0.000000000000,0.000000000000,0.000000000000,0.000000000000,0.000000000000,0.000000000000,0.000000000000,0.000000000000,0.000000000000,0.000000000000,0.000000000000,0.000000000000,0.000000000000,0.000000000000,0.000000000000,0.000000000000,0.000000000000,0.000000000000,0.000000000000,0.000000000000,0.000000000000,0.000000000000,0.000000000000,0.000000000000,0.000000000000,0.000000000000,0.000000000000,0.000000000000,0.000000000000,0.000000000000,0.000000000000,0.000000000000,0.000000000000,0.000000000000,0.000000000000,0.000000000000,0.000000000000,0.000000000000,0.000000000000,0.000000000000,0.000000000000,0.000000000000,0.000000000000,0.000000000000
74,0.000000000000,0.000000000000,0.000000000000,0.000000000000,0.000000000000,0.000000000000,0.000000000000,0.000000000000,0.000000000000,0.000000000000,0.000000000000,0.000000000000,0.000000000000,0.000000000000,0.000000000000,0.000000000000,0.000000000000,0.000000000000,0.000000000000,0.000000000000,0.000000000000,0.000000000000,0.000000000000,0.000000000000,0.000000000000,0.000000000000,0.000000000000,0.000000000000,0.000000000000,0.000000000000,0.000000000000,0.000000000000,0.000000000000,0.000000000000,0.000000000000,0.000000000000,0.000000000000,0.000000000000,0.000000000000,0.000000000000,0.000000000000,0.000000000000,0.000000000000,0.000000000000,0.000000000000,0.000000000000,0.000000000000,0.000000000000,0.000000000000,0.000000000000,0.000000000000,0.000000000000,0.000000000000,0.000000000000,0.000000000000,0.000000000000,0.000000000000,0.000000000000,0.000000000000,0.000000000000,0.000000000000,0.000000000000,0.000000000000,0.000000000000,0.000000000000,0.000000000000,0.000000000000,0.000000000000,0.000000000000,0.000000000000,0.000000000000,0.000000000000,0.000000000000,0.000000000000,0.000000000000,0.000000000000
75,0.000000000000,0.000000000000,0.000000000000,0.000000000000,0.000000000000,0.000000000000,0.000000000000,0.000000000000,0.000000000000,0.000000000000,0.000000000000,0.000000000000,0.000000000000,0.000000000000,0.000000000000,0.000000000000,0.000000000000,0.000000000000,0.000000000000,0.000000000000,0.000000000000,0.000000000000,0.000000000000,0.000000000000,0.000000000000,0.000000000000,0.000000000000,0.000000000000,0.000000000000,0.000000000000,0.000000000000,0.000000000000,0.000000000000,0.000000000000,0.000000000000,0.000000000000,0.000000000000,0.000000000000,0.000000000000,0.000000000000,0.000000000000,0.000000000000,0.000000000000,0.000000000000,0.000000000000,0.000000000000,0.000000000000,0.000000000000,0.000000000000,0.000000000000,0.000000000000,0.000000000000,0.000000000000,0.000000000000,0.000000000000,0.000000000000,0.000000000000,0.000000000000,0.000000000000,0.000000000000,0.000000000000,0.000000000000,0.000000000000,0.000000000000,0.000000000000,0.000000000000,0.000000000000,0.000000000000,0.000000000000,0.000000000000,0.000000000000,0.000000000000,0.000000000000,0.000000000000,0.000000000000,0.000000000000
76,0.000000000000,0.000000000000,0.000000000000,0.000000000000,0.000000000000,0.000000000000,0.000000000000,0.000000000000,0.000000000000,0.000000000000,0.000000000000,0.000000000000,0.000000000000,0.000000000000,0.000000000000,0.000000000000,0.000000000000,0.000000000000,0.000000000000,0.000000000000,0.000000000000,0.000000000000,0.000000000000,0.000000000000,0.000000000000,0.000000000000,0.000000000000,0.000000000000,0.000000000000,0.000000000000,0.000000000000,0.000000000000,0.000000000000,0.000000000000,0.000000000000,0.000000000000,0.000000000000,0.000000000000,0.000000000000,0.000000000000,0.000000000000,0.000000000000,0.000000000000,0.000000000000,0.000000000000,0.000000000000,0.000000000000,0.000000000000,0.000000000000,0.000000000000,0.000000000000,0.000000000000,0.000000000000,0.000000000000,0.000000000000,0.000000000000,0.000000000000,0.000000000000,0.000000000000,0.000000000000,0.000000000000,0.000000000000,0.000000000000,0.000000000000,0.000000000000,0.000000000000,0.000000000000,0.000000000000,0.000000000000,0.000000000000,0.000000000000,0.000000000000,0.000000000000,0.000000000000,0.000000000000,0.000000000000
